[Licensing::Module] Trying to connect to existing licensing client channel...
Built from '6000.4/staging' branch; Version is '6000.4.5f1 (cc83ebd631f8) revision 13403115'; Using compiler version '194234433'; Build Type 'Release'
[Licensing::IpcConnector] Successfully connected to: "LicenseClient-HP" at "2026-05-21T10:21:27.6578928Z"
OS: 'Windows 11  (10.0.26200) Core' Language: 'en' Physical Memory: 32077 MB
BatchMode: 1, IsHumanControllingUs: 0, StartBugReporterOnCrash: 0, Is64bit: 1
System  architecture: x64
Process architecture: x64
Date: 2026-05-21T10:21:27Z

COMMAND LINE ARGUMENTS:
C:\Program Files\Unity\Hub\Editor\6000.4.5f1\Editor\Unity.exe
-adb2
-batchMode
-noUpm
-name
AssetImportWorker1
-projectPath
C:/Users/HP/Desktop/alu-0x0A-unity-360_video_tourrr
-logFile
Logs/AssetImportWorker1.log
-srvPort
56312
-force-d3d12
-job-worker-count
7
-background-job-worker-count
8
-gc-helper-count
1
-name
AssetImport
Successfully changed project path to: C:/Users/HP/Desktop/alu-0x0A-unity-360_video_tourrr
C:/Users/HP/Desktop/alu-0x0A-unity-360_video_tourrr
[UnityMemory] Configuration Parameters - Can be set up in boot.config
    "memorysetup-temp-allocator-size-gi-baking-worker=262144"
    "memorysetup-temp-allocator-size-gi-baking-worker=262144"
    "memorysetup-temp-allocator-size-gi-baking-worker=262144"
    "memorysetup-temp-allocator-size-gi-baking-worker=262144"
    "memorysetup-temp-allocator-size-gi-baking-worker=262144"
    "memorysetup-temp-allocator-size-nav-mesh-worker=65536"
    "memorysetup-temp-allocator-size-audio-worker=65536"
    "memorysetup-temp-allocator-size-cloud-worker=32768"
    "memorysetup-temp-allocator-size-gfx=262144"
    "memorysetup-temp-allocator-size-preload-manager=33554432"
    "memorysetup-temp-allocator-size-job-worker=262144"
    "memorysetup-temp-allocator-size-background-worker=32768"
    "memorysetup-allocator-temp-initial-block-size-main=262144"
    "memorysetup-allocator-temp-initial-block-size-worker=262144"
    "memorysetup-bucket-allocator-granularity=16"
    "memorysetup-bucket-allocator-bucket-count=8"
    "memorysetup-bucket-allocator-block-size=33554432"
    "memorysetup-bucket-allocator-block-count=8"
    "memorysetup-main-allocator-block-size=16777216"
    "memorysetup-thread-allocator-block-size=16777216"
    "memorysetup-gfx-main-allocator-block-size=16777216"
    "memorysetup-gfx-thread-allocator-block-size=16777216"
    "memorysetup-cache-allocator-block-size=4194304"
    "memorysetup-typetree-allocator-block-size=2097152"
    "memorysetup-profiler-bucket-allocator-granularity=16"
    "memorysetup-profiler-bucket-allocator-bucket-count=8"
    "memorysetup-profiler-bucket-allocator-block-size=33554432"
    "memorysetup-profiler-bucket-allocator-block-count=8"
    "memorysetup-profiler-allocator-block-size=16777216"
    "memorysetup-profiler-editor-allocator-block-size=1048576"
    "memorysetup-temp-allocator-size-main=16777216"
    "memorysetup-job-temp-allocator-block-size=2097152"
    "memorysetup-job-temp-allocator-block-size-background=1048576"
    "memorysetup-job-temp-allocator-reduction-small-platforms=262144"
Player connection [3172]  Target information:

Player connection [3172]  * "[IP] 172.20.10.4 [Port] 0 [Flags] 2 [Guid] 1875202092 [EditorId] 1875202092 [Version] 1048832 [Id] WindowsEditor(7,DESKTOP-TN6O37Q) [Debug] 1 [PackageName] WindowsEditor [ProjectName] Editor" 

Player connection [3172] Host joined multi-casting on [225.0.0.222:54997]...
Player connection [3172] Host joined alternative multi-casting on [225.0.0.222:34997]...
JobSystem: Creating JobQueue using job-worker-count value 7
Input System module state changed to: Initialized.
[Physics::Module] Initialized fallback backend.
[Physics::Module] Id: 0xdecafbad
Library Redirect Path: Library/
[Physics::Module] Selected backend.
[Physics::Module] Name: PhysX
[Physics::Module] Id: 0xf2b8ea05
[Physics::Module] SDK Version: 4.1.2
[Physics::Module] Integration Version: 1.0.0
[Physics::Module] Threading Mode: Multi-Threaded
Refreshing native plugins compatible for Editor in 41.22 ms, found 10 plugins.
Initialize engine version: 6000.4.5f1 (cc83ebd631f8)
[Subsystems] Discovering subsystems at path C:/Program Files/Unity/Hub/Editor/6000.4.5f1/Editor/Data/Resources/UnitySubsystems
[Subsystems] Discovering subsystems at path C:/Users/HP/Desktop/alu-0x0A-unity-360_video_tourrr/Assets
Forcing GfxDevice: Direct3D 12
GfxDevice: creating device client; kGfxThreadingModeNonThreaded
d3d12: failed to query info queue interface (0x80004002).
Direct3D:
    Version:         Direct3D 12 [level 12.1]
    Renderer:        AMD Radeon(TM) Graphics (ID=0x164c)
    Vendor:          ATI
    VRAM:            16038 MB
    App VRAM Budget: 15766 MB
    Driver:          31.0.21924.61
    Unified Memory Architecture
Initialize mono
Mono path[0] = 'C:/Program Files/Unity/Hub/Editor/6000.4.5f1/Editor/Data/Managed'
Mono path[1] = 'C:/Program Files/Unity/Hub/Editor/6000.4.5f1/Editor/Data/MonoBleedingEdge/lib/mono/unityjit-win32'
Mono config path = 'C:/Program Files/Unity/Hub/Editor/6000.4.5f1/Editor/Data/MonoBleedingEdge/etc'
Using monoOptions --debugger-agent=transport=dt_socket,embedding=1,server=y,suspend=n,address=127.0.0.1:56636
CodeReloadManager initialized
Begin MonoManager ReloadAssembly
Registering precompiled unity dll's ...
Register platform support module: C:/Program Files/Unity/Hub/Editor/6000.4.5f1/Editor/Data/PlaybackEngines/WebGLSupport/UnityEditor.WebGL.Extensions.dll
Register platform support module: C:/Program Files/Unity/Hub/Editor/6000.4.5f1/Editor/Data/PlaybackEngines/MacStandaloneSupport/UnityEditor.OSXStandalone.Extensions.dll
[Licensing::Module] Licensing is not yet initialized.
[Licensing::Client] Error: HandshakeResponse reported an error:
	ResponseCode: 505
	ResponseStatus: Unsupported protocol version '1.18.1'.
[Licensing::Module] Error: Failed to handshake to channel: "LicenseClient-HP"
[Licensing::IpcConnector] LicenseClient-HP channel disconnected successfully.
[Licensing::IpcConnector] Successfully connected to: "LicenseClient-HP-6000.4.5" at "2026-05-21T10:21:31.2996786Z"
[Licensing::Client] Code 10 while verifying Licensing Client signature (process Id: 12572, path: "C:/Program Files/Unity/Hub/Editor/6000.4.5f1/Editor/Data/Resources/Licensing/Client/Unity.Licensing.Client.exe")
[Licensing::Module] LicensingClient has failed validation; ignoring
[Licensing::Client] Handshaking with LicensingClient:
  Version:                 1.18.1+9fbee8e
  Session Id:              d0e1e4b55e4441c5b2e5e7bb3bfb2704
  Correlation Id:          104edcfae13b87044c6bbb350d74d609
  External correlation Id: 2349211549270273078
  Machine Id:              nLQg5QqlvCilrpaiXJoZQ9CTV50=
[Licensing::Module] Successfully connected to LicensingClient on channel: "LicenseClient-HP-6000.4.5" (connect: 0.00s, validation: 0.00s, handshake: 0.02s)
[Licensing::IpcConnector] Successfully connected to: "LicenseClient-HP-6000.4.5-notifications" at "2026-05-21T10:21:31.3201914Z"
[Licensing::Module] Licensing Background thread has ended after 3.66s
[Licensing::Module] Licensing is initialized (took 1.97s).
[Licensing::Client] Successfully resolved entitlement details
[Licensing::Module] License group:
  Id: F4-Z77G-GUJ6-5JSC-QZYE-XXXX
  Product: Unity Personal
  Type: ULF
  Expiration: Unlimited
[Licensing::Module] License group:
  Id: 11270629817070-UnityPersXXXX
  Product: Unity Personal
  Type: Assigned
  Expiration: Unlimited
Register platform support module: C:/Program Files/Unity/Hub/Editor/6000.4.5f1/Editor/Data/PlaybackEngines/VisionOSPlayer/UnityEditor.VisionOS.Extensions.dll
Register platform support module: C:/Program Files/Unity/Hub/Editor/6000.4.5f1/Editor/Data/PlaybackEngines/WindowsStandaloneSupport/UnityEditor.WindowsStandalone.Extensions.dll
[Licensing::Client] Successfully resolved entitlement details
[Licensing::Module] License group:
  Id: F4-Z77G-GUJ6-5JSC-QZYE-XXXX
  Product: Unity Personal
  Type: ULF
  Expiration: Unlimited
[Licensing::Module] License group:
  Id: 11270629817070-UnityPersXXXX
  Product: Unity Personal
  Type: Assigned
  Expiration: Unlimited
Register platform support module: C:/Program Files/Unity/Hub/Editor/6000.4.5f1/Editor/Data/PlaybackEngines/MetroSupport/UnityEditor.UWP.Extensions.dll
[Licensing::Client] Successfully resolved entitlement details
[Licensing::Module] License group:
  Id: F4-Z77G-GUJ6-5JSC-QZYE-XXXX
  Product: Unity Personal
  Type: ULF
  Expiration: Unlimited
[Licensing::Module] License group:
  Id: 11270629817070-UnityPersXXXX
  Product: Unity Personal
  Type: Assigned
  Expiration: Unlimited
Register platform support module: C:/Program Files/Unity/Hub/Editor/6000.4.5f1/Editor/Data/PlaybackEngines/AndroidPlayer/UnityEditor.Android.Extensions.dll
Register platform support module: C:/Program Files/Unity/Hub/Editor/6000.4.5f1/Editor/Data/PlaybackEngines/iOSSupport/UnityEditor.iOS.Extensions.dll
Registered in 1.989588 seconds.
[usbmuxd] Start listen thread
[usbmuxd] Listen thread started
[usbmuxd] Send listen message
[usbmuxd] Attached: 1 00008110-001119081EEB601E
Native extension for iOS target not found
Native extension for Android target not found
Native extension for UWP target not found
Native extension for WindowsStandalone target not found
Failed to load: C:/Program Files/Unity/Hub/Editor/6000.4.5f1/Editor/Data/PlaybackEngines/VisionOSPlayer\x64\UnityEditor.VisionOS.Native.dll
Native extension for VisionOS target not found
Native extension for OSXStandalone target not found
Native extension for WebGL target not found
Package Manager log level set to [2]
[Package Manager] Failed to launch server process. Reason: Unity was launched with the -noUpm command-line argument
[Package Manager] Unable to send message (not connected to server process).
[Package Manager] Cannot connect to Unity Package Manager local server
ScheduleIndexationOnStartup MainProcess:False IndexOnStartup:True
Mono: successfully reloaded assembly
- Finished resetting the current domain, in  0.832 seconds
Domain Reload Profiling: 3643ms
	BeginReloadAssembly (212ms)
	RebuildCommonClasses (67ms)
	RebuildNativeTypeToScriptingClass (29ms)
	initialDomainReloadingComplete (2106ms)
	LoadAllAssembliesAndSetupDomain (397ms)
		LoadAssemblies (208ms)
		AnalyzeDomain (379ms)
			TypeCache.Refresh (378ms)
				TypeCache.ScanAssembly (354ms)
	FinalizeReload (832ms)
		SetupLoadedEditorAssemblies (0ms)
			InitializePlatformSupportModulesInManaged (210ms)
			BeforeProcessingInitializeOnLoad (169ms)
			ProcessInitializeOnLoadAttributes (203ms)
			ProcessInitializeOnLoadMethodAttributes (109ms)
========================================================================
Worker process is ready to serve import requests
Import Worker Mode flag is 0x00
Begin MonoManager ReloadAssembly
[Licensing::Client] Successfully resolved entitlement details
[Licensing::Module] License group:
  Id: F4-Z77G-GUJ6-5JSC-QZYE-XXXX
  Product: Unity Personal
  Type: ULF
  Expiration: Unlimited
[Licensing::Module] License group:
  Id: 11270629817070-UnityPersXXXX
  Product: Unity Personal
  Type: Assigned
  Expiration: Unlimited
Assembly Assembly-CSharp-Editor-firstpass.dll at Library/ScriptAssemblies/Assembly-CSharp-Editor-firstpass.dll not valid. Loading of assembly skipped.
Assembly Assembly-CSharp-Editor.dll at Library/ScriptAssemblies/Assembly-CSharp-Editor.dll not valid. Loading of assembly skipped.
Assembly Assembly-CSharp-firstpass.dll at Library/ScriptAssemblies/Assembly-CSharp-firstpass.dll not valid. Loading of assembly skipped.
Assembly DocCodeExamples.dll at Library/ScriptAssemblies/DocCodeExamples.dll not valid. Loading of assembly skipped.
Assembly TestNewCustomAssembly.dll at Library/ScriptAssemblies/TestNewCustomAssembly.dll not valid. Loading of assembly skipped.
Assembly Unity.Collections.BurstCompatibilityGen.dll at Library/ScriptAssemblies/Unity.Collections.BurstCompatibilityGen.dll not valid. Loading of assembly skipped.
Assembly Unity.Collections.DocCodeSamples.dll at Library/ScriptAssemblies/Unity.Collections.DocCodeSamples.dll not valid. Loading of assembly skipped.
Assembly Unity.Collections.PerformanceTests.dll at Library/ScriptAssemblies/Unity.Collections.PerformanceTests.dll not valid. Loading of assembly skipped.
Assembly Unity.Collections.Tests.dll at Library/ScriptAssemblies/Unity.Collections.Tests.dll not valid. Loading of assembly skipped.
Assembly Unity.Collections.Tests.Playmode.dll at Library/ScriptAssemblies/Unity.Collections.Tests.Playmode.dll not valid. Loading of assembly skipped.
Assembly Unity.InputSystem.IntegrationTests.dll at Library/ScriptAssemblies/Unity.InputSystem.IntegrationTests.dll not valid. Loading of assembly skipped.
Assembly Unity.Mathematics.Tests.dll at Library/ScriptAssemblies/Unity.Mathematics.Tests.dll not valid. Loading of assembly skipped.
Assembly Unity.Multiplayer.Center.Editor.Tests.dll at Library/ScriptAssemblies/Unity.Multiplayer.Center.Editor.Tests.dll not valid. Loading of assembly skipped.
Assembly Unity.Multiplayer.Center.Tests.dll at Library/ScriptAssemblies/Unity.Multiplayer.Center.Tests.dll not valid. Loading of assembly skipped.
Assembly Unity.Nuget.Mono-Cecil.dll at Library/ScriptAssemblies/Unity.Nuget.Mono-Cecil.dll not valid. Loading of assembly skipped.
Assembly Unity.PathTracing.Editor.Tests.dll at Library/ScriptAssemblies/Unity.PathTracing.Editor.Tests.dll not valid. Loading of assembly skipped.
Assembly Unity.PathTracing.Runtime.Tests.dll at Library/ScriptAssemblies/Unity.PathTracing.Runtime.Tests.dll not valid. Loading of assembly skipped.
Assembly Unity.Performance.Profile-Analyzer.EditorTests.dll at Library/ScriptAssemblies/Unity.Performance.Profile-Analyzer.EditorTests.dll not valid. Loading of assembly skipped.
Assembly Unity.RenderPipelines.Core.Editor.Tests.dll at Library/ScriptAssemblies/Unity.RenderPipelines.Core.Editor.Tests.dll not valid. Loading of assembly skipped.
Assembly Unity.RenderPipelines.Core.Runtime.Tests.dll at Library/ScriptAssemblies/Unity.RenderPipelines.Core.Runtime.Tests.dll not valid. Loading of assembly skipped.
Assembly Unity.RenderPipelines.Universal.Config.Editor.Tests.dll at Library/ScriptAssemblies/Unity.RenderPipelines.Universal.Config.Editor.Tests.dll not valid. Loading of assembly skipped.
Assembly Unity.RenderPipelines.Universal.Editor.Tests.dll at Library/ScriptAssemblies/Unity.RenderPipelines.Universal.Editor.Tests.dll not valid. Loading of assembly skipped.
Assembly Unity.RenderPipelines.Universal.Runtime.Tests.dll at Library/ScriptAssemblies/Unity.RenderPipelines.Universal.Runtime.Tests.dll not valid. Loading of assembly skipped.
Assembly Unity.Searcher.EditorTests.dll at Library/ScriptAssemblies/Unity.Searcher.EditorTests.dll not valid. Loading of assembly skipped.
Assembly Unity.Settings.Tests.dll at Library/ScriptAssemblies/Unity.Settings.Tests.dll not valid. Loading of assembly skipped.
Assembly Unity.ShaderGraph.Editor.Tests.dll at Library/ScriptAssemblies/Unity.ShaderGraph.Editor.Tests.dll not valid. Loading of assembly skipped.
Assembly Unity.TestTools.CodeCoverage.Editor.Compatibility.dll at Library/ScriptAssemblies/Unity.TestTools.CodeCoverage.Editor.Compatibility.dll not valid. Loading of assembly skipped.
Assembly Unity.TextMeshPro.Editor.Tests.dll at Library/ScriptAssemblies/Unity.TextMeshPro.Editor.Tests.dll not valid. Loading of assembly skipped.
Assembly Unity.TextMeshPro.Tests.dll at Library/ScriptAssemblies/Unity.TextMeshPro.Tests.dll not valid. Loading of assembly skipped.
Assembly Unity.Tutorials.Core.Editor.Tests.dll at Library/ScriptAssemblies/Unity.Tutorials.Core.Editor.Tests.dll not valid. Loading of assembly skipped.
Assembly Unity.Tutorials.Core.Tests.dll at Library/ScriptAssemblies/Unity.Tutorials.Core.Tests.dll not valid. Loading of assembly skipped.
Assembly Unity.UnifiedRayTracing.Editor.Tests.dll at Library/ScriptAssemblies/Unity.UnifiedRayTracing.Editor.Tests.dll not valid. Loading of assembly skipped.
Assembly Unity.XR.AndroidOpenXR.Tests.dll at Library/ScriptAssemblies/Unity.XR.AndroidOpenXR.Tests.dll not valid. Loading of assembly skipped.
Assembly Unity.XR.AndroidXROpenXR.CodeSamples.Tests.dll at Library/ScriptAssemblies/Unity.XR.AndroidXROpenXR.CodeSamples.Tests.dll not valid. Loading of assembly skipped.
Assembly Unity.XR.AndroidXROpenXR.Editor.Tests.dll at Library/ScriptAssemblies/Unity.XR.AndroidXROpenXR.Editor.Tests.dll not valid. Loading of assembly skipped.
Assembly Unity.XR.ARFoundation.CodeSamples.Editor.Tests.dll at Library/ScriptAssemblies/Unity.XR.ARFoundation.CodeSamples.Editor.Tests.dll not valid. Loading of assembly skipped.
Assembly Unity.XR.ARFoundation.CodeSamples.Tests.dll at Library/ScriptAssemblies/Unity.XR.ARFoundation.CodeSamples.Tests.dll not valid. Loading of assembly skipped.
Assembly Unity.XR.ARFoundation.Editor.Tests.dll at Library/ScriptAssemblies/Unity.XR.ARFoundation.Editor.Tests.dll not valid. Loading of assembly skipped.
Assembly Unity.XR.ARFoundation.InternalUtils.Editor.Tests.dll at Library/ScriptAssemblies/Unity.XR.ARFoundation.InternalUtils.Editor.Tests.dll not valid. Loading of assembly skipped.
Assembly Unity.XR.ARFoundation.Runtime.Tests.dll at Library/ScriptAssemblies/Unity.XR.ARFoundation.Runtime.Tests.dll not valid. Loading of assembly skipped.
Assembly Unity.XR.ARSubsystems.Editor.Tests.dll at Library/ScriptAssemblies/Unity.XR.ARSubsystems.Editor.Tests.dll not valid. Loading of assembly skipped.
Assembly Unity.XR.CompositionLayers.Editor.Tests.dll at Library/ScriptAssemblies/Unity.XR.CompositionLayers.Editor.Tests.dll not valid. Loading of assembly skipped.
Assembly Unity.XR.CompositionLayers.Tests.dll at Library/ScriptAssemblies/Unity.XR.CompositionLayers.Tests.dll not valid. Loading of assembly skipped.
Assembly Unity.XR.CoreUtils.CodeSamples.Tests.dll at Library/ScriptAssemblies/Unity.XR.CoreUtils.CodeSamples.Tests.dll not valid. Loading of assembly skipped.
Assembly Unity.XR.CoreUtils.Editor.Tests.dll at Library/ScriptAssemblies/Unity.XR.CoreUtils.Editor.Tests.dll not valid. Loading of assembly skipped.
Assembly Unity.XR.CoreUtils.Tests.dll at Library/ScriptAssemblies/Unity.XR.CoreUtils.Tests.dll not valid. Loading of assembly skipped.
Assembly Unity.XR.Hands.Editor.Tests.dll at Library/ScriptAssemblies/Unity.XR.Hands.Editor.Tests.dll not valid. Loading of assembly skipped.
Assembly Unity.XR.Hands.Tests.dll at Library/ScriptAssemblies/Unity.XR.Hands.Tests.dll not valid. Loading of assembly skipped.
Assembly Unity.XR.Interaction.Toolkit.Editor.Tests.dll at Library/ScriptAssemblies/Unity.XR.Interaction.Toolkit.Editor.Tests.dll not valid. Loading of assembly skipped.
Assembly Unity.XR.Interaction.Toolkit.Tests.dll at Library/ScriptAssemblies/Unity.XR.Interaction.Toolkit.Tests.dll not valid. Loading of assembly skipped.
Assembly Unity.XR.Management.EditorTests.dll at Library/ScriptAssemblies/Unity.XR.Management.EditorTests.dll not valid. Loading of assembly skipped.
Assembly Unity.XR.Management.TestPackage.dll at Library/ScriptAssemblies/Unity.XR.Management.TestPackage.dll not valid. Loading of assembly skipped.
Assembly Unity.XR.Management.TestPackage.Editor.dll at Library/ScriptAssemblies/Unity.XR.Management.TestPackage.Editor.dll not valid. Loading of assembly skipped.
Assembly Unity.XR.Management.Tests.dll at Library/ScriptAssemblies/Unity.XR.Management.Tests.dll not valid. Loading of assembly skipped.
Assembly Unity.XR.Management.Tests.Standalone.dll at Library/ScriptAssemblies/Unity.XR.Management.Tests.Standalone.dll not valid. Loading of assembly skipped.
Assembly Unity.XR.MetaOpenXR.CodeSamples.Tests.dll at Library/ScriptAssemblies/Unity.XR.MetaOpenXR.CodeSamples.Tests.dll not valid. Loading of assembly skipped.
Assembly Unity.XR.MetaOpenXR.Editor.Tests.dll at Library/ScriptAssemblies/Unity.XR.MetaOpenXR.Editor.Tests.dll not valid. Loading of assembly skipped.
Assembly Unity.XR.MetaOpenXR.Tests.dll at Library/ScriptAssemblies/Unity.XR.MetaOpenXR.Tests.dll not valid. Loading of assembly skipped.
Assembly Unity.XR.OpenXR.Editor.Tests.dll at Library/ScriptAssemblies/Unity.XR.OpenXR.Editor.Tests.dll not valid. Loading of assembly skipped.
Assembly Unity.XR.OpenXR.Tests.dll at Library/ScriptAssemblies/Unity.XR.OpenXR.Tests.dll not valid. Loading of assembly skipped.
Assembly Unity.XR.OpenXR.Ubuntu.Tests.dll at Library/ScriptAssemblies/Unity.XR.OpenXR.Ubuntu.Tests.dll not valid. Loading of assembly skipped.
Assembly Unity.XR.Simulation.Editor.Tests.dll at Library/ScriptAssemblies/Unity.XR.Simulation.Editor.Tests.dll not valid. Loading of assembly skipped.
Assembly Unity.XR.Simulation.Runtime.Tests.dll at Library/ScriptAssemblies/Unity.XR.Simulation.Runtime.Tests.dll not valid. Loading of assembly skipped.
Assembly Unity.XR.TestSupport.dll at Library/ScriptAssemblies/Unity.XR.TestSupport.dll not valid. Loading of assembly skipped.
Assembly Unity.XR.TestTooling.Editor.Tests.dll at Library/ScriptAssemblies/Unity.XR.TestTooling.Editor.Tests.dll not valid. Loading of assembly skipped.
Assembly UnityEditor.UI.Common.Tests.dll at Library/ScriptAssemblies/UnityEditor.UI.Common.Tests.dll not valid. Loading of assembly skipped.
Assembly UnityEditor.UI.EditorTests.dll at Library/ScriptAssemblies/UnityEditor.UI.EditorTests.dll not valid. Loading of assembly skipped.
Assembly UnityEditor.XR.LegacyInputHelpers.Tests.dll at Library/ScriptAssemblies/UnityEditor.XR.LegacyInputHelpers.Tests.dll not valid. Loading of assembly skipped.
Assembly UnityEngine.SpatialTracking.Tests.dll at Library/ScriptAssemblies/UnityEngine.SpatialTracking.Tests.dll not valid. Loading of assembly skipped.
Assembly UnityEngine.UI.Tests.dll at Library/ScriptAssemblies/UnityEngine.UI.Tests.dll not valid. Loading of assembly skipped.
Assembly UnityEngine.XR.OpenXR.CodeSamples.Editor.Tests.dll at Library/ScriptAssemblies/UnityEngine.XR.OpenXR.CodeSamples.Editor.Tests.dll not valid. Loading of assembly skipped.
Refreshing native plugins compatible for Editor in 22.40 ms, found 10 plugins.
Native extension for iOS target not found
Native extension for Android target not found
Native extension for UWP target not found
Native extension for WindowsStandalone target not found
Failed to load: C:/Program Files/Unity/Hub/Editor/6000.4.5f1/Editor/Data/PlaybackEngines/VisionOSPlayer\x64\UnityEditor.VisionOS.Native.dll
Native extension for VisionOS target not found
Native extension for OSXStandalone target not found
Native extension for WebGL target not found
[Package Manager] Failed to launch server process. Reason: Unity was launched with the -noUpm command-line argument
[Package Manager] Unable to send message (not connected to server process).
[Package Manager] Cannot connect to Unity Package Manager local server
[Package Manager] Failed to launch server process. Reason: Unity was launched with the -noUpm command-line argument
[Package Manager] Unable to send message (not connected to server process).
[Package Manager] Cannot connect to Unity Package Manager local server
ScheduleIndexationOnStartup MainProcess:False IndexOnStartup:True
Mono: successfully reloaded assembly
[Package Manager] Failed to launch server process. Reason: Unity was launched with the -noUpm command-line argument
[Package Manager] Unable to send message (not connected to server process).
[Package Manager] Cannot connect to Unity Package Manager local server
[Package Manager] Failed to launch server process. Reason: Unity was launched with the -noUpm command-line argument
[Package Manager] Unable to send message (not connected to server process).
[Package Manager] Cannot connect to Unity Package Manager local server
- Finished resetting the current domain, in  2.757 seconds
Domain Reload Profiling: 4277ms
	BeginReloadAssembly (330ms)
		DisableScriptedObjects (11ms)
		CreateAndSetChildDomain (53ms)
	RebuildCommonClasses (65ms)
	RebuildNativeTypeToScriptingClass (24ms)
	initialDomainReloadingComplete (139ms)
	LoadAllAssembliesAndSetupDomain (961ms)
		LoadAssemblies (625ms)
		AnalyzeDomain (499ms)
			TypeCache.Refresh (306ms)
				TypeCache.ScanAssembly (278ms)
			BuildScriptInfoCaches (160ms)
			ResolveRequiredComponents (29ms)
	FinalizeReload (2758ms)
		SetupLoadedEditorAssemblies (0ms)
			InitializePlatformSupportModulesInManaged (45ms)
			BeforeProcessingInitializeOnLoad (323ms)
			ProcessInitializeOnLoadAttributes (1576ms)
			ProcessInitializeOnLoadMethodAttributes (439ms)
			AfterProcessingInitializeOnLoad (16ms)
		AwakeInstancesAfterBackupRestoration (14ms)
WARNING: Shader Unsupported: 'Hidden/Simulation/URP/Synthetic' - All subshaders removed
WARNING: Shader Did you use #pragma only_renderers and omit this platform?
WARNING: Shader If subshaders removal was intentional, you may have forgotten turning Fallback off?
WARNING: Shader Unsupported: 'Hidden/Simulation/Synthetic Lit' - All subshaders removed
WARNING: Shader Did you use #pragma only_renderers and omit this platform?
WARNING: Shader If subshaders removal was intentional, you may have forgotten turning Fallback off?
WARNING: Shader Unsupported: 'Simulation/Standard Lit' - All subshaders removed
WARNING: Shader Did you use #pragma only_renderers and omit this platform?
WARNING: Shader If subshaders removal was intentional, you may have forgotten turning Fallback off?
WARNING: Shader Unsupported: 'Simulation/URP/Room X-Ray' - All subshaders removed
WARNING: Shader Did you use #pragma only_renderers and omit this platform?
WARNING: Shader If subshaders removal was intentional, you may have forgotten turning Fallback off?
WARNING: Shader Unsupported: 'Simulation/Room X-Ray' - All subshaders removed
WARNING: Shader Did you use #pragma only_renderers and omit this platform?
WARNING: Shader If subshaders removal was intentional, you may have forgotten turning Fallback off?
WARNING: Shader Unsupported: 'Simulation/URP/Lit' - All subshaders removed
WARNING: Shader Did you use #pragma only_renderers and omit this platform?
WARNING: Shader If subshaders removal was intentional, you may have forgotten turning Fallback off?
Launched and connected shader compiler UnityShaderCompiler.exe after 0.03 seconds
Refreshing native plugins compatible for Editor in 21.98 ms, found 10 plugins.
Unloading 31 Unused Serialized files (Serialized files now loaded: 0)
Unloading 6591 unused Assets / (9.9 MB). Loaded Objects now: 7564.
Memory consumption went from 178.2 MB to 168.3 MB.
Total: 35.449400 ms (FindLiveObjects: 1.228700 ms CreateObjectMapping: 1.321900 ms MarkObjects: 24.527200 ms  DeleteObjects: 8.367400 ms)

========================================================================
Received Prepare
Begin MonoManager ReloadAssembly
Assembly Assembly-CSharp-Editor-firstpass.dll at Library/ScriptAssemblies/Assembly-CSharp-Editor-firstpass.dll not valid. Loading of assembly skipped.
Assembly Assembly-CSharp-Editor.dll at Library/ScriptAssemblies/Assembly-CSharp-Editor.dll not valid. Loading of assembly skipped.
Assembly Assembly-CSharp-firstpass.dll at Library/ScriptAssemblies/Assembly-CSharp-firstpass.dll not valid. Loading of assembly skipped.
Assembly DocCodeExamples.dll at Library/ScriptAssemblies/DocCodeExamples.dll not valid. Loading of assembly skipped.
Assembly TestNewCustomAssembly.dll at Library/ScriptAssemblies/TestNewCustomAssembly.dll not valid. Loading of assembly skipped.
Assembly Unity.Collections.BurstCompatibilityGen.dll at Library/ScriptAssemblies/Unity.Collections.BurstCompatibilityGen.dll not valid. Loading of assembly skipped.
Assembly Unity.Collections.DocCodeSamples.dll at Library/ScriptAssemblies/Unity.Collections.DocCodeSamples.dll not valid. Loading of assembly skipped.
Assembly Unity.Collections.PerformanceTests.dll at Library/ScriptAssemblies/Unity.Collections.PerformanceTests.dll not valid. Loading of assembly skipped.
Assembly Unity.Collections.Tests.dll at Library/ScriptAssemblies/Unity.Collections.Tests.dll not valid. Loading of assembly skipped.
Assembly Unity.Collections.Tests.Playmode.dll at Library/ScriptAssemblies/Unity.Collections.Tests.Playmode.dll not valid. Loading of assembly skipped.
Assembly Unity.InputSystem.IntegrationTests.dll at Library/ScriptAssemblies/Unity.InputSystem.IntegrationTests.dll not valid. Loading of assembly skipped.
Assembly Unity.Mathematics.Tests.dll at Library/ScriptAssemblies/Unity.Mathematics.Tests.dll not valid. Loading of assembly skipped.
Assembly Unity.Multiplayer.Center.Editor.Tests.dll at Library/ScriptAssemblies/Unity.Multiplayer.Center.Editor.Tests.dll not valid. Loading of assembly skipped.
Assembly Unity.Multiplayer.Center.Tests.dll at Library/ScriptAssemblies/Unity.Multiplayer.Center.Tests.dll not valid. Loading of assembly skipped.
Assembly Unity.Nuget.Mono-Cecil.dll at Library/ScriptAssemblies/Unity.Nuget.Mono-Cecil.dll not valid. Loading of assembly skipped.
Assembly Unity.PathTracing.Editor.Tests.dll at Library/ScriptAssemblies/Unity.PathTracing.Editor.Tests.dll not valid. Loading of assembly skipped.
Assembly Unity.PathTracing.Runtime.Tests.dll at Library/ScriptAssemblies/Unity.PathTracing.Runtime.Tests.dll not valid. Loading of assembly skipped.
Assembly Unity.Performance.Profile-Analyzer.EditorTests.dll at Library/ScriptAssemblies/Unity.Performance.Profile-Analyzer.EditorTests.dll not valid. Loading of assembly skipped.
Assembly Unity.RenderPipelines.Core.Editor.Tests.dll at Library/ScriptAssemblies/Unity.RenderPipelines.Core.Editor.Tests.dll not valid. Loading of assembly skipped.
Assembly Unity.RenderPipelines.Core.Runtime.Tests.dll at Library/ScriptAssemblies/Unity.RenderPipelines.Core.Runtime.Tests.dll not valid. Loading of assembly skipped.
Assembly Unity.RenderPipelines.Universal.Config.Editor.Tests.dll at Library/ScriptAssemblies/Unity.RenderPipelines.Universal.Config.Editor.Tests.dll not valid. Loading of assembly skipped.
Assembly Unity.RenderPipelines.Universal.Editor.Tests.dll at Library/ScriptAssemblies/Unity.RenderPipelines.Universal.Editor.Tests.dll not valid. Loading of assembly skipped.
Assembly Unity.RenderPipelines.Universal.Runtime.Tests.dll at Library/ScriptAssemblies/Unity.RenderPipelines.Universal.Runtime.Tests.dll not valid. Loading of assembly skipped.
Assembly Unity.Searcher.EditorTests.dll at Library/ScriptAssemblies/Unity.Searcher.EditorTests.dll not valid. Loading of assembly skipped.
Assembly Unity.Settings.Tests.dll at Library/ScriptAssemblies/Unity.Settings.Tests.dll not valid. Loading of assembly skipped.
Assembly Unity.ShaderGraph.Editor.Tests.dll at Library/ScriptAssemblies/Unity.ShaderGraph.Editor.Tests.dll not valid. Loading of assembly skipped.
Assembly Unity.TestTools.CodeCoverage.Editor.Compatibility.dll at Library/ScriptAssemblies/Unity.TestTools.CodeCoverage.Editor.Compatibility.dll not valid. Loading of assembly skipped.
Assembly Unity.TextMeshPro.Editor.Tests.dll at Library/ScriptAssemblies/Unity.TextMeshPro.Editor.Tests.dll not valid. Loading of assembly skipped.
Assembly Unity.TextMeshPro.Tests.dll at Library/ScriptAssemblies/Unity.TextMeshPro.Tests.dll not valid. Loading of assembly skipped.
Assembly Unity.Tutorials.Core.Editor.Tests.dll at Library/ScriptAssemblies/Unity.Tutorials.Core.Editor.Tests.dll not valid. Loading of assembly skipped.
Assembly Unity.Tutorials.Core.Tests.dll at Library/ScriptAssemblies/Unity.Tutorials.Core.Tests.dll not valid. Loading of assembly skipped.
Assembly Unity.UnifiedRayTracing.Editor.Tests.dll at Library/ScriptAssemblies/Unity.UnifiedRayTracing.Editor.Tests.dll not valid. Loading of assembly skipped.
Assembly Unity.XR.AndroidOpenXR.Tests.dll at Library/ScriptAssemblies/Unity.XR.AndroidOpenXR.Tests.dll not valid. Loading of assembly skipped.
Assembly Unity.XR.AndroidXROpenXR.CodeSamples.Tests.dll at Library/ScriptAssemblies/Unity.XR.AndroidXROpenXR.CodeSamples.Tests.dll not valid. Loading of assembly skipped.
Assembly Unity.XR.AndroidXROpenXR.Editor.Tests.dll at Library/ScriptAssemblies/Unity.XR.AndroidXROpenXR.Editor.Tests.dll not valid. Loading of assembly skipped.
Assembly Unity.XR.ARFoundation.CodeSamples.Editor.Tests.dll at Library/ScriptAssemblies/Unity.XR.ARFoundation.CodeSamples.Editor.Tests.dll not valid. Loading of assembly skipped.
Assembly Unity.XR.ARFoundation.CodeSamples.Tests.dll at Library/ScriptAssemblies/Unity.XR.ARFoundation.CodeSamples.Tests.dll not valid. Loading of assembly skipped.
Assembly Unity.XR.ARFoundation.Editor.Tests.dll at Library/ScriptAssemblies/Unity.XR.ARFoundation.Editor.Tests.dll not valid. Loading of assembly skipped.
Assembly Unity.XR.ARFoundation.InternalUtils.Editor.Tests.dll at Library/ScriptAssemblies/Unity.XR.ARFoundation.InternalUtils.Editor.Tests.dll not valid. Loading of assembly skipped.
Assembly Unity.XR.ARFoundation.Runtime.Tests.dll at Library/ScriptAssemblies/Unity.XR.ARFoundation.Runtime.Tests.dll not valid. Loading of assembly skipped.
Assembly Unity.XR.ARSubsystems.Editor.Tests.dll at Library/ScriptAssemblies/Unity.XR.ARSubsystems.Editor.Tests.dll not valid. Loading of assembly skipped.
Assembly Unity.XR.CompositionLayers.Editor.Tests.dll at Library/ScriptAssemblies/Unity.XR.CompositionLayers.Editor.Tests.dll not valid. Loading of assembly skipped.
Assembly Unity.XR.CompositionLayers.Tests.dll at Library/ScriptAssemblies/Unity.XR.CompositionLayers.Tests.dll not valid. Loading of assembly skipped.
Assembly Unity.XR.CoreUtils.CodeSamples.Tests.dll at Library/ScriptAssemblies/Unity.XR.CoreUtils.CodeSamples.Tests.dll not valid. Loading of assembly skipped.
Assembly Unity.XR.CoreUtils.Editor.Tests.dll at Library/ScriptAssemblies/Unity.XR.CoreUtils.Editor.Tests.dll not valid. Loading of assembly skipped.
Assembly Unity.XR.CoreUtils.Tests.dll at Library/ScriptAssemblies/Unity.XR.CoreUtils.Tests.dll not valid. Loading of assembly skipped.
Assembly Unity.XR.Hands.Editor.Tests.dll at Library/ScriptAssemblies/Unity.XR.Hands.Editor.Tests.dll not valid. Loading of assembly skipped.
Assembly Unity.XR.Hands.Tests.dll at Library/ScriptAssemblies/Unity.XR.Hands.Tests.dll not valid. Loading of assembly skipped.
Assembly Unity.XR.Interaction.Toolkit.Editor.Tests.dll at Library/ScriptAssemblies/Unity.XR.Interaction.Toolkit.Editor.Tests.dll not valid. Loading of assembly skipped.
Assembly Unity.XR.Interaction.Toolkit.Tests.dll at Library/ScriptAssemblies/Unity.XR.Interaction.Toolkit.Tests.dll not valid. Loading of assembly skipped.
Assembly Unity.XR.Management.EditorTests.dll at Library/ScriptAssemblies/Unity.XR.Management.EditorTests.dll not valid. Loading of assembly skipped.
Assembly Unity.XR.Management.TestPackage.dll at Library/ScriptAssemblies/Unity.XR.Management.TestPackage.dll not valid. Loading of assembly skipped.
Assembly Unity.XR.Management.TestPackage.Editor.dll at Library/ScriptAssemblies/Unity.XR.Management.TestPackage.Editor.dll not valid. Loading of assembly skipped.
Assembly Unity.XR.Management.Tests.dll at Library/ScriptAssemblies/Unity.XR.Management.Tests.dll not valid. Loading of assembly skipped.
Assembly Unity.XR.Management.Tests.Standalone.dll at Library/ScriptAssemblies/Unity.XR.Management.Tests.Standalone.dll not valid. Loading of assembly skipped.
Assembly Unity.XR.MetaOpenXR.CodeSamples.Tests.dll at Library/ScriptAssemblies/Unity.XR.MetaOpenXR.CodeSamples.Tests.dll not valid. Loading of assembly skipped.
Assembly Unity.XR.MetaOpenXR.Editor.Tests.dll at Library/ScriptAssemblies/Unity.XR.MetaOpenXR.Editor.Tests.dll not valid. Loading of assembly skipped.
Assembly Unity.XR.MetaOpenXR.Tests.dll at Library/ScriptAssemblies/Unity.XR.MetaOpenXR.Tests.dll not valid. Loading of assembly skipped.
Assembly Unity.XR.OpenXR.Editor.Tests.dll at Library/ScriptAssemblies/Unity.XR.OpenXR.Editor.Tests.dll not valid. Loading of assembly skipped.
Assembly Unity.XR.OpenXR.Tests.dll at Library/ScriptAssemblies/Unity.XR.OpenXR.Tests.dll not valid. Loading of assembly skipped.
Assembly Unity.XR.OpenXR.Ubuntu.Tests.dll at Library/ScriptAssemblies/Unity.XR.OpenXR.Ubuntu.Tests.dll not valid. Loading of assembly skipped.
Assembly Unity.XR.Simulation.Editor.Tests.dll at Library/ScriptAssemblies/Unity.XR.Simulation.Editor.Tests.dll not valid. Loading of assembly skipped.
Assembly Unity.XR.Simulation.Runtime.Tests.dll at Library/ScriptAssemblies/Unity.XR.Simulation.Runtime.Tests.dll not valid. Loading of assembly skipped.
Assembly Unity.XR.TestSupport.dll at Library/ScriptAssemblies/Unity.XR.TestSupport.dll not valid. Loading of assembly skipped.
Assembly Unity.XR.TestTooling.Editor.Tests.dll at Library/ScriptAssemblies/Unity.XR.TestTooling.Editor.Tests.dll not valid. Loading of assembly skipped.
Assembly UnityEditor.UI.Common.Tests.dll at Library/ScriptAssemblies/UnityEditor.UI.Common.Tests.dll not valid. Loading of assembly skipped.
Assembly UnityEditor.UI.EditorTests.dll at Library/ScriptAssemblies/UnityEditor.UI.EditorTests.dll not valid. Loading of assembly skipped.
Assembly UnityEditor.XR.LegacyInputHelpers.Tests.dll at Library/ScriptAssemblies/UnityEditor.XR.LegacyInputHelpers.Tests.dll not valid. Loading of assembly skipped.
Assembly UnityEngine.SpatialTracking.Tests.dll at Library/ScriptAssemblies/UnityEngine.SpatialTracking.Tests.dll not valid. Loading of assembly skipped.
Assembly UnityEngine.UI.Tests.dll at Library/ScriptAssemblies/UnityEngine.UI.Tests.dll not valid. Loading of assembly skipped.
Assembly UnityEngine.XR.OpenXR.CodeSamples.Editor.Tests.dll at Library/ScriptAssemblies/UnityEngine.XR.OpenXR.CodeSamples.Editor.Tests.dll not valid. Loading of assembly skipped.
Refreshing native plugins compatible for Editor in 24.29 ms, found 10 plugins.
Native extension for iOS target not found
Native extension for Android target not found
Native extension for UWP target not found
Native extension for WindowsStandalone target not found
Failed to load: C:/Program Files/Unity/Hub/Editor/6000.4.5f1/Editor/Data/PlaybackEngines/VisionOSPlayer\x64\UnityEditor.VisionOS.Native.dll
Native extension for VisionOS target not found
Native extension for OSXStandalone target not found
Native extension for WebGL target not found
[Package Manager] Failed to launch server process. Reason: Unity was launched with the -noUpm command-line argument
[Package Manager] Unable to send message (not connected to server process).
[Package Manager] Cannot connect to Unity Package Manager local server
[Package Manager] Failed to launch server process. Reason: Unity was launched with the -noUpm command-line argument
[Package Manager] Unable to send message (not connected to server process).
[Package Manager] Cannot connect to Unity Package Manager local server
ScheduleIndexationOnStartup MainProcess:False IndexOnStartup:True
Mono: successfully reloaded assembly
[Package Manager] Failed to launch server process. Reason: Unity was launched with the -noUpm command-line argument
[Package Manager] Unable to send message (not connected to server process).
[Package Manager] Cannot connect to Unity Package Manager local server
- Finished resetting the current domain, in  2.334 seconds
Domain Reload Profiling: 3824ms
	BeginReloadAssembly (406ms)
		DisableScriptedObjects (9ms)
		CreateAndSetChildDomain (91ms)
	RebuildCommonClasses (63ms)
	RebuildNativeTypeToScriptingClass (20ms)
	initialDomainReloadingComplete (121ms)
	LoadAllAssembliesAndSetupDomain (880ms)
		LoadAssemblies (641ms)
		AnalyzeDomain (404ms)
			TypeCache.Refresh (10ms)
			BuildScriptInfoCaches (358ms)
			ResolveRequiredComponents (32ms)
	FinalizeReload (2334ms)
		SetupLoadedEditorAssemblies (0ms)
			InitializePlatformSupportModulesInManaged (36ms)
			BeforeProcessingInitializeOnLoad (280ms)
			ProcessInitializeOnLoadAttributes (1310ms)
			ProcessInitializeOnLoadMethodAttributes (269ms)
			AfterProcessingInitializeOnLoad (13ms)
		AwakeInstancesAfterBackupRestoration (27ms)
WARNING: Shader Unsupported: 'Hidden/Simulation/URP/Synthetic' - All subshaders removed
WARNING: Shader Did you use #pragma only_renderers and omit this platform?
WARNING: Shader If subshaders removal was intentional, you may have forgotten turning Fallback off?
WARNING: Shader Unsupported: 'Hidden/Simulation/Synthetic Lit' - All subshaders removed
WARNING: Shader Did you use #pragma only_renderers and omit this platform?
WARNING: Shader If subshaders removal was intentional, you may have forgotten turning Fallback off?
WARNING: Shader Unsupported: 'Simulation/Standard Lit' - All subshaders removed
WARNING: Shader Did you use #pragma only_renderers and omit this platform?
WARNING: Shader If subshaders removal was intentional, you may have forgotten turning Fallback off?
WARNING: Shader Unsupported: 'Simulation/URP/Room X-Ray' - All subshaders removed
WARNING: Shader Did you use #pragma only_renderers and omit this platform?
WARNING: Shader If subshaders removal was intentional, you may have forgotten turning Fallback off?
WARNING: Shader Unsupported: 'Simulation/Room X-Ray' - All subshaders removed
WARNING: Shader Did you use #pragma only_renderers and omit this platform?
WARNING: Shader If subshaders removal was intentional, you may have forgotten turning Fallback off?
WARNING: Shader Unsupported: 'Simulation/URP/Lit' - All subshaders removed
WARNING: Shader Did you use #pragma only_renderers and omit this platform?
WARNING: Shader If subshaders removal was intentional, you may have forgotten turning Fallback off?
Refreshing native plugins compatible for Editor in 23.43 ms, found 10 plugins.
Unloading 31 Unused Serialized files (Serialized files now loaded: 0)
Unloading 6726 unused Assets / (7.8 MB). Loaded Objects now: 7578.
Memory consumption went from 206.8 MB to 199.1 MB.
Total: 27.638400 ms (FindLiveObjects: 1.188200 ms CreateObjectMapping: 1.353900 ms MarkObjects: 19.718500 ms  DeleteObjects: 5.374900 ms)

Prepare: number of updated asset objects reloaded= 125
========================================================================
Received Import Request.
  Time since last request: 11540.977915 seconds.
  path: Assets/Scenes/BasicScene.unity
  importAddress: Guid(4e9fef26e6adb88479ad1b9834a32d94) Importer(2089858483,b0f066a214c2f5e87bad3c948f4d605d)
Start importing Assets/Scenes/BasicScene.unity using Guid(4e9fef26e6adb88479ad1b9834a32d94) Importer(2089858483,b0f066a214c2f5e87bad3c948f4d605d) (ScriptedImporter) -> (Import Result ID: 'ba297d8e99d18121eb07da97d9b67fb3') in 0.1506984 seconds [static and dynamic dependencies]. Details - ImportResultOutputID=a974b78eafc623822c0f203455972c1e DependenciesID=be6b19583e3349b33793c753281b1e26 StaticDependenciesID=b061684fc092f481f44ef5d68a04db6a 
Number of updated asset objects reloaded before import = 6Number of asset objects unloaded after import = 1

========================================================================
Received Import Request.
  Time since last request: 0.000077 seconds.
  path: Assets/Settings/Project Configuration/Quality URP Config.asset
  importAddress: Guid(cf6a652e94858004a93399f0a3dac507) Importer(2089858483,b0f066a214c2f5e87bad3c948f4d605d)
Start importing Assets/Settings/Project Configuration/Quality URP Config.asset using Guid(cf6a652e94858004a93399f0a3dac507) Importer(2089858483,b0f066a214c2f5e87bad3c948f4d605d) (ScriptedImporter) -> (Import Result ID: '2b26955a6fabf36b3df099303ca47bc5') in 0.2145136 seconds [static and dynamic dependencies]. Details - ImportResultOutputID=71ca83b8cf307d82463842f644267d85 DependenciesID=661ba511aa3ac5d074a39627e3a3f8b4 StaticDependenciesID=faa2efeaeb03dcfae194e71bbbc701e1 
Number of updated asset objects reloaded before import = 0Number of asset objects unloaded after import = 3

========================================================================
Received Import Request.
  Time since last request: 0.000079 seconds.
  path: Assets/VRTemplateAssets/Scripts/BezierCurve.cs
  importAddress: Guid(72fb4b8d89bc26347a49177acaa93913) Importer(2089858483,b0f066a214c2f5e87bad3c948f4d605d)
Start importing Assets/VRTemplateAssets/Scripts/BezierCurve.cs using Guid(72fb4b8d89bc26347a49177acaa93913) Importer(2089858483,b0f066a214c2f5e87bad3c948f4d605d) (ScriptedImporter) -> (Import Result ID: 'dbffbf4e7a60f039d5e138f752b0034f') in 0.0277817 seconds [static and dynamic dependencies]. Details - ImportResultOutputID=5efbfddeaac0da4c3e20a1152d797be6 DependenciesID=0a0ead275a75f60d441ac42cb7b5b100 StaticDependenciesID=29212e77a2f24b07d6c3973b15ce328b 
Number of updated asset objects reloaded before import = 0Number of asset objects unloaded after import = 0

========================================================================
Received Import Request.
  Time since last request: 0.000031 seconds.
  path: Assets/XR/Settings/OpenXRPackageSettings.asset
  importAddress: Guid(3dd11dcd12272e54f8a19d8224e35f53) Importer(2089858483,b0f066a214c2f5e87bad3c948f4d605d)
Start importing Assets/XR/Settings/OpenXRPackageSettings.asset using Guid(3dd11dcd12272e54f8a19d8224e35f53) Importer(2089858483,b0f066a214c2f5e87bad3c948f4d605d) (ScriptedImporter) -> (Import Result ID: '3acc4b8924476e5580bed72d0a276151') in 0.4273118 seconds [static and dynamic dependencies]. Details - ImportResultOutputID=ae7a5ba92fb656d9062deef78dddba62 DependenciesID=907a42c048740acc2cdb9d5ee88012b9 StaticDependenciesID=13dbb542f6b7e339c520be625aa802c1 
Number of updated asset objects reloaded before import = 0Number of asset objects unloaded after import = 1

========================================================================
Received Import Request.
  Time since last request: 0.000049 seconds.
  path: Assets/VRTemplateAssets/Materials/Anchor Materials/Anchor Base.mat
  importAddress: Guid(19fd09f1fd9347644a27778b73938d3b) Importer(2089858483,b0f066a214c2f5e87bad3c948f4d605d)
Start importing Assets/VRTemplateAssets/Materials/Anchor Materials/Anchor Base.mat using Guid(19fd09f1fd9347644a27778b73938d3b) Importer(2089858483,b0f066a214c2f5e87bad3c948f4d605d) (ScriptedImporter) -> (Import Result ID: '5f22233d58d8afca8e5bf4fb2127904f') in 0.1024282 seconds [static and dynamic dependencies]. Details - ImportResultOutputID=5d82ee9c0c78c386a65b875961f105b3 DependenciesID=7bca7029631d211ff94a0c89fa8554e6 StaticDependenciesID=35de878d2403402f5e6d6024846044f9 
Number of updated asset objects reloaded before import = 0Number of asset objects unloaded after import = 2

========================================================================
Received Import Request.
  Time since last request: 0.000058 seconds.
  path: Assets/Settings/Project Configuration/BasicScene.scenetemplate
  importAddress: Guid(ca6cdc11bc902ba4c85c423630187a9b) Importer(2089858483,b0f066a214c2f5e87bad3c948f4d605d)
Start importing Assets/Settings/Project Configuration/BasicScene.scenetemplate using Guid(ca6cdc11bc902ba4c85c423630187a9b) Importer(2089858483,b0f066a214c2f5e87bad3c948f4d605d) (ScriptedImporter) -> (Import Result ID: '3f33e4094760380e0cfb9dce1102a957') in 0.274677 seconds [static and dynamic dependencies]. Details - ImportResultOutputID=83d14e3eb06b7e1299b8017eadb6a1f5 DependenciesID=799d8d947aa7114e79d5fb02558d3474 StaticDependenciesID=36a8bfa6247d245e9b77373611b377fa 
Number of updated asset objects reloaded before import = 0Number of asset objects unloaded after import = 584

========================================================================
Received Import Request.
  Time since last request: 0.000059 seconds.
  path: Assets/VRTemplateAssets/Materials/Anchor Materials/White_Mixed_AO.png
  importAddress: Guid(61c3552c05bd1b842a62ef7c70a99944) Importer(2089858483,b0f066a214c2f5e87bad3c948f4d605d)
Start importing Assets/VRTemplateAssets/Materials/Anchor Materials/White_Mixed_AO.png using Guid(61c3552c05bd1b842a62ef7c70a99944) Importer(2089858483,b0f066a214c2f5e87bad3c948f4d605d) (ScriptedImporter) -> (Import Result ID: '2387b1bea45e3ad62beda16a8d59c75f') in 0.1130078 seconds [static and dynamic dependencies]. Details - ImportResultOutputID=570d1f0d79ab4b5d8b2b4957eac2595d DependenciesID=d751b5d9726dce0eb0ea730f9b28dd2b StaticDependenciesID=695418487f4afffa3161e6ddf147c3c7 
Number of updated asset objects reloaded before import = 0Number of asset objects unloaded after import = 3

========================================================================
Received Import Request.
  Time since last request: 0.000068 seconds.
  path: Assets/VRTemplateAssets/Themes/EdgeColorAffordanceTheme.asset
  importAddress: Guid(3f64ff74c0b83314ba0d51fd6312625b) Importer(2089858483,b0f066a214c2f5e87bad3c948f4d605d)
Start importing Assets/VRTemplateAssets/Themes/EdgeColorAffordanceTheme.asset using Guid(3f64ff74c0b83314ba0d51fd6312625b) Importer(2089858483,b0f066a214c2f5e87bad3c948f4d605d) (ScriptedImporter) -> (Import Result ID: '371b2fa70f73f864996614ddc22944b7') in 0.0346889 seconds [static and dynamic dependencies]. Details - ImportResultOutputID=79bc0feb80877c97cc342fa5774380f3 DependenciesID=8ba73ef3cec271f86c90b78c3c6240fa StaticDependenciesID=151a02a1762fc3eb29bc63279c5e9612 
Number of updated asset objects reloaded before import = 0Number of asset objects unloaded after import = 1

========================================================================
Received Import Request.
  Time since last request: 0.000033 seconds.
  path: Assets/VRTemplateAssets/Materials/Controller/UniversalMaterialWhite.mat
  importAddress: Guid(9c7ab565ff2af1b4fba6ce483a124cf9) Importer(2089858483,b0f066a214c2f5e87bad3c948f4d605d)
Start importing Assets/VRTemplateAssets/Materials/Controller/UniversalMaterialWhite.mat using Guid(9c7ab565ff2af1b4fba6ce483a124cf9) Importer(2089858483,b0f066a214c2f5e87bad3c948f4d605d) (ScriptedImporter) -> (Import Result ID: 'da8e1311b178c61c9d3b2d94b61ad142') in 0.0312077 seconds [static and dynamic dependencies]. Details - ImportResultOutputID=60e62eac4be3d58c953cee90fc9cea8c DependenciesID=7f45334f91e31beaa6216b8fb9c3ba84 StaticDependenciesID=6c094955a7ba7efcfb3246a1c5e8def2 
Number of updated asset objects reloaded before import = 0Number of asset objects unloaded after import = 2

========================================================================
Received Import Request.
  Time since last request: 0.000046 seconds.
  path: Assets/VRTemplateAssets/Materials/Controller/Blue.mat
  importAddress: Guid(2c994d22a9398f64d9292e3849f59f92) Importer(2089858483,b0f066a214c2f5e87bad3c948f4d605d)
Start importing Assets/VRTemplateAssets/Materials/Controller/Blue.mat using Guid(2c994d22a9398f64d9292e3849f59f92) Importer(2089858483,b0f066a214c2f5e87bad3c948f4d605d) (ScriptedImporter) -> (Import Result ID: 'e7dc9e1c922251007c5c00a05a74ae37') in 0.0242911 seconds [static and dynamic dependencies]. Details - ImportResultOutputID=ad91cae0daff2e6ca9bc89ffe39be89a DependenciesID=198732e6f779057714ade8bb9f35581a StaticDependenciesID=a878f377284e06be83a3b1c36e50572a 
Number of updated asset objects reloaded before import = 0Number of asset objects unloaded after import = 1

========================================================================
Received Import Request.
  Time since last request: 0.000041 seconds.
  path: Assets/TextMesh Pro/Shaders/TMP_SDF-URP Lit.shadergraph
  importAddress: Guid(a3d800b099a06e0478fb790c5e79057a) Importer(2089858483,b0f066a214c2f5e87bad3c948f4d605d)
Start importing Assets/TextMesh Pro/Shaders/TMP_SDF-URP Lit.shadergraph using Guid(a3d800b099a06e0478fb790c5e79057a) Importer(2089858483,b0f066a214c2f5e87bad3c948f4d605d) (ScriptedImporter) -> (Import Result ID: 'e768f4aa64d08e7d835f3e4b54c3c4a1') in 0.0512197 seconds [static and dynamic dependencies]. Details - ImportResultOutputID=5e11688860b73a19656c24b25022b598 DependenciesID=eba4c844979062d470c739f308d4f02a StaticDependenciesID=862a4b64adc3cbc3af4bdbed03dcd58a 
Number of updated asset objects reloaded before import = 0Number of asset objects unloaded after import = 4

========================================================================
Received Import Request.
  Time since last request: 0.000030 seconds.
  path: Assets/TextMesh Pro/Shaders/TMP_Bitmap-Custom-Atlas.shader
  importAddress: Guid(48bb5f55d8670e349b6e614913f9d910) Importer(2089858483,b0f066a214c2f5e87bad3c948f4d605d)
Start importing Assets/TextMesh Pro/Shaders/TMP_Bitmap-Custom-Atlas.shader using Guid(48bb5f55d8670e349b6e614913f9d910) Importer(2089858483,b0f066a214c2f5e87bad3c948f4d605d) (ScriptedImporter) -> (Import Result ID: '473b395e65ce28b88513cd423149ae78') in 0.0236824 seconds [static and dynamic dependencies]. Details - ImportResultOutputID=711d2bcd6b27b6f6a2f4bb1d4fe66474 DependenciesID=ea59754a9a55508de2a44606447bd077 StaticDependenciesID=97e2617c6e2d061a39156ef7584ef903 
Number of updated asset objects reloaded before import = 0Number of asset objects unloaded after import = 1

========================================================================
Received Import Request.
  Time since last request: 0.000037 seconds.
  path: Assets/XR/Settings/XRSimulationSettings.asset
  importAddress: Guid(908d62378b8205449861e5838a18a596) Importer(2089858483,b0f066a214c2f5e87bad3c948f4d605d)
Start importing Assets/XR/Settings/XRSimulationSettings.asset using Guid(908d62378b8205449861e5838a18a596) Importer(2089858483,b0f066a214c2f5e87bad3c948f4d605d) (ScriptedImporter) -> (Import Result ID: '4958c6ce06f23042b0ac0d2beec4e0b8') in 0.0271114 seconds [static and dynamic dependencies]. Details - ImportResultOutputID=424efa055a089cbb3bd61d7fecf7b866 DependenciesID=7893d9fc501d8c9eb645e2298139eee1 StaticDependenciesID=0c711ae99ce987c70c542e7a10119adc 
Number of updated asset objects reloaded before import = 0Number of asset objects unloaded after import = 1

========================================================================
Received Import Request.
  Time since last request: 0.000039 seconds.
  path: Assets/TextMesh Pro/Shaders/TMPro_Surface.cginc
  importAddress: Guid(d930090c0cd643c7b55f19a38538c162) Importer(2089858483,b0f066a214c2f5e87bad3c948f4d605d)
Start importing Assets/TextMesh Pro/Shaders/TMPro_Surface.cginc using Guid(d930090c0cd643c7b55f19a38538c162) Importer(2089858483,b0f066a214c2f5e87bad3c948f4d605d) (ScriptedImporter) -> (Import Result ID: 'eb2a8a36991ad1f4ad75ef76272fcd5c') in 0.0212038 seconds [static and dynamic dependencies]. Details - ImportResultOutputID=d17916ff18f1ad292c9776fd6807d4b7 DependenciesID=573c36afd5e8feb4d0fdd0d70e3d598b StaticDependenciesID=eec8584de456bbf2f5c578ec6a4463b7 
Number of updated asset objects reloaded before import = 0Number of asset objects unloaded after import = 1

========================================================================
Received Import Request.
  Time since last request: 0.000028 seconds.
  path: Assets/VRTemplateAssets/Materials/Environment/Dark Green.mat
  importAddress: Guid(d2fd0fd7f230ce14d89e18fb555b7469) Importer(2089858483,b0f066a214c2f5e87bad3c948f4d605d)
Start importing Assets/VRTemplateAssets/Materials/Environment/Dark Green.mat using Guid(d2fd0fd7f230ce14d89e18fb555b7469) Importer(2089858483,b0f066a214c2f5e87bad3c948f4d605d) (ScriptedImporter) -> (Import Result ID: '7d3982dcf79dd935ace3aa1f0248819b') in 0.03071 seconds [static and dynamic dependencies]. Details - ImportResultOutputID=3208b62026b23cffb9bfa141cd4795bf DependenciesID=baa053917810aa59976b4420875f8bec StaticDependenciesID=e98b62a18b34efa1e0ae8c0fbab56b7e 
Number of updated asset objects reloaded before import = 0Number of asset objects unloaded after import = 3

========================================================================
Received Import Request.
  Time since last request: 0.000043 seconds.
  path: Assets/VRTemplateAssets/Materials/Environment/Frosted_Glass_Pattern_AlbedoTransparency.png
  importAddress: Guid(ec39cf1992b67944dbbaeb7f183de318) Importer(2089858483,b0f066a214c2f5e87bad3c948f4d605d)
Start importing Assets/VRTemplateAssets/Materials/Environment/Frosted_Glass_Pattern_AlbedoTransparency.png using Guid(ec39cf1992b67944dbbaeb7f183de318) Importer(2089858483,b0f066a214c2f5e87bad3c948f4d605d) (ScriptedImporter) -> (Import Result ID: '0f8bbfe92747da61ee3f4357bb55eb02') in 0.0229825 seconds [static and dynamic dependencies]. Details - ImportResultOutputID=4f2ce169134d46b66f035017696ea359 DependenciesID=6e0957965046df782e59e7861af5ca71 StaticDependenciesID=37b3fdc41b28b995ce6d95166bd02422 
Number of updated asset objects reloaded before import = 0Number of asset objects unloaded after import = 1

========================================================================
Received Import Request.
  Time since last request: 0.000038 seconds.
  path: Assets/VRTemplateAssets/Materials/Environment/Arrows.mat
  importAddress: Guid(08d0ccc4a501e6645be0c3ee36d0cd20) Importer(2089858483,b0f066a214c2f5e87bad3c948f4d605d)
Start importing Assets/VRTemplateAssets/Materials/Environment/Arrows.mat using Guid(08d0ccc4a501e6645be0c3ee36d0cd20) Importer(2089858483,b0f066a214c2f5e87bad3c948f4d605d) (ScriptedImporter) -> (Import Result ID: 'a3c6f3b7c65df4e1e91e742f78ddc08d') in 0.0209465 seconds [static and dynamic dependencies]. Details - ImportResultOutputID=c5878c872eabfe7fb005a8c17877978a DependenciesID=ad0f6406fde7fab3e93a01159c1b5620 StaticDependenciesID=a7fbf1392c3b6e38c08cb51cb42816b0 
Number of updated asset objects reloaded before import = 0Number of asset objects unloaded after import = 1

========================================================================
Received Import Request.
  Time since last request: 0.000024 seconds.
  path: Assets/VRTemplateAssets/Shaders/InteractablePrimitive.shadergraph
  importAddress: Guid(8ccee1dee7490414ea7e8ad2b953c3e1) Importer(2089858483,b0f066a214c2f5e87bad3c948f4d605d)
Start importing Assets/VRTemplateAssets/Shaders/InteractablePrimitive.shadergraph using Guid(8ccee1dee7490414ea7e8ad2b953c3e1) Importer(2089858483,b0f066a214c2f5e87bad3c948f4d605d) (ScriptedImporter) -> (Import Result ID: 'baefce9195e6add496d54623fe70a3f0') in 0.0306014 seconds [static and dynamic dependencies]. Details - ImportResultOutputID=bcd59abbf5f9824f1c563b1d542db9db DependenciesID=2bcc35e5dd141e09650eacc6e6f71018 StaticDependenciesID=ddbb75f52fd42c8657aadd0e8cb07a8d 
Number of updated asset objects reloaded before import = 0Number of asset objects unloaded after import = 5

========================================================================
Received Import Request.
  Time since last request: 0.000028 seconds.
  path: Assets/VRTemplateAssets/Materials/Environment/wall2_Height.png
  importAddress: Guid(8002692e17ddbbf4d89c025c4679de37) Importer(2089858483,b0f066a214c2f5e87bad3c948f4d605d)
Start importing Assets/VRTemplateAssets/Materials/Environment/wall2_Height.png using Guid(8002692e17ddbbf4d89c025c4679de37) Importer(2089858483,b0f066a214c2f5e87bad3c948f4d605d) (ScriptedImporter) -> (Import Result ID: '7c83fb3bbe199d08c7647cbc04dbad50') in 0.0265879 seconds [static and dynamic dependencies]. Details - ImportResultOutputID=a5a1c4f94132da0b9e34b18f6b4ce214 DependenciesID=212f7bc034ed23a5581ab6c1c6f5b930 StaticDependenciesID=c117dc4ef9fcb31ad80de513a89d4077 
Number of updated asset objects reloaded before import = 0Number of asset objects unloaded after import = 1

========================================================================
Received Import Request.
  Time since last request: 0.000063 seconds.
  path: Assets/VRTemplateAssets/Materials/Environment/wall2_Base_color.png
  importAddress: Guid(9d65b1540bd55dc4ab02643e09524306) Importer(2089858483,b0f066a214c2f5e87bad3c948f4d605d)
Start importing Assets/VRTemplateAssets/Materials/Environment/wall2_Base_color.png using Guid(9d65b1540bd55dc4ab02643e09524306) Importer(2089858483,b0f066a214c2f5e87bad3c948f4d605d) (ScriptedImporter) -> (Import Result ID: '66bf99a12f6b99bba7ed2a895cb49ad8') in 0.0280762 seconds [static and dynamic dependencies]. Details - ImportResultOutputID=55a4d27ad4b2468ab96e2bf470d0f12d DependenciesID=0cf1fb4d07506f116f324152e110b7f7 StaticDependenciesID=e1ff209ad2479bd0ad343716b0b9e4be 
Number of updated asset objects reloaded before import = 0Number of asset objects unloaded after import = 1

========================================================================
Received Import Request.
  Time since last request: 0.000022 seconds.
  path: Assets/TextMesh Pro/Shaders/TMPro_Mobile.cginc
  importAddress: Guid(c334973cef89a9840b0b0c507e0377ab) Importer(2089858483,b0f066a214c2f5e87bad3c948f4d605d)
Start importing Assets/TextMesh Pro/Shaders/TMPro_Mobile.cginc using Guid(c334973cef89a9840b0b0c507e0377ab) Importer(2089858483,b0f066a214c2f5e87bad3c948f4d605d) (ScriptedImporter) -> (Import Result ID: '4b9f3993093e3f8d043d0ec4e914697b') in 0.0209824 seconds [static and dynamic dependencies]. Details - ImportResultOutputID=5e0307e14eac6e31962ffad5d07dcea1 DependenciesID=67a5bfd74f523676e311eff6d34b725c StaticDependenciesID=a8fd9108aa46c2c7a1414b2243800e58 
Number of updated asset objects reloaded before import = 0Number of asset objects unloaded after import = 1

========================================================================
Received Import Request.
  Time since last request: 0.000034 seconds.
  path: Assets/VRTemplateAssets/Fonts/Inter/Inter-Regular SDF Overlay Outline Material.mat
  importAddress: Guid(69cb2ba794a087b4abdf1b00110f8c3b) Importer(2089858483,b0f066a214c2f5e87bad3c948f4d605d)
Start importing Assets/VRTemplateAssets/Fonts/Inter/Inter-Regular SDF Overlay Outline Material.mat using Guid(69cb2ba794a087b4abdf1b00110f8c3b) Importer(2089858483,b0f066a214c2f5e87bad3c948f4d605d) (ScriptedImporter) -> (Import Result ID: 'b27ee73d2514fdd271bee92bdba9e7e7') in 0.0299013 seconds [static and dynamic dependencies]. Details - ImportResultOutputID=89c291820f8d534b3710dde66e614ec8 DependenciesID=1898ea3dd47a8306c700c85eeea4f3ef StaticDependenciesID=e351e14ec3a5d070b1fde63392bc0548 
Number of updated asset objects reloaded before import = 0Number of asset objects unloaded after import = 2

========================================================================
Received Import Request.
  Time since last request: 0.000049 seconds.
  path: Assets/VRTemplateAssets/Materials/Environment/wall_Height.png
  importAddress: Guid(b2766e330f67bc74b90720c501d9fe01) Importer(2089858483,b0f066a214c2f5e87bad3c948f4d605d)
Start importing Assets/VRTemplateAssets/Materials/Environment/wall_Height.png using Guid(b2766e330f67bc74b90720c501d9fe01) Importer(2089858483,b0f066a214c2f5e87bad3c948f4d605d) (ScriptedImporter) -> (Import Result ID: 'fdd13d0a30e207b7ecb0f0885adde177') in 0.032405 seconds [static and dynamic dependencies]. Details - ImportResultOutputID=2ce1fcd48e7a8fdf7d44c879bceb386c DependenciesID=46d2c929527a821bc8b63a885e807a2c StaticDependenciesID=371aa288d74a77f51606e1eafa5f9d3c 
Number of updated asset objects reloaded before import = 0Number of asset objects unloaded after import = 1

========================================================================
Received Import Request.
  Time since last request: 0.000024 seconds.
  path: Assets/TextMesh Pro/Shaders/TMP_SDF-Mobile.shader
  importAddress: Guid(fe393ace9b354375a9cb14cdbbc28be4) Importer(2089858483,b0f066a214c2f5e87bad3c948f4d605d)
Start importing Assets/TextMesh Pro/Shaders/TMP_SDF-Mobile.shader using Guid(fe393ace9b354375a9cb14cdbbc28be4) Importer(2089858483,b0f066a214c2f5e87bad3c948f4d605d) (ScriptedImporter) -> (Import Result ID: '81c28e5be4625b0f0bbc15666585f0d5') in 0.0205862 seconds [static and dynamic dependencies]. Details - ImportResultOutputID=90a9cd39713d6b68232530e67175b99e DependenciesID=f825658a74829254c0f2c0629933d5bc StaticDependenciesID=fc7b77840337b8921620e800bb6e7ccb 
Number of updated asset objects reloaded before import = 0Number of asset objects unloaded after import = 1

========================================================================
Received Import Request.
  Time since last request: 0.000028 seconds.
  path: Assets/VRTemplateAssets/Audio/Button_22_click.wav
  importAddress: Guid(d14b106713a74b448bcab90869f1706e) Importer(2089858483,b0f066a214c2f5e87bad3c948f4d605d)
Start importing Assets/VRTemplateAssets/Audio/Button_22_click.wav using Guid(d14b106713a74b448bcab90869f1706e) Importer(2089858483,b0f066a214c2f5e87bad3c948f4d605d) (ScriptedImporter) -> (Import Result ID: '2170f0cbbebf12dd56470aeb1ed29ff1') in 0.0245801 seconds [static and dynamic dependencies]. Details - ImportResultOutputID=cc86ce40421b65625baf3b509217073c DependenciesID=2dc3c27bad930089b722fd2ba0d1e523 StaticDependenciesID=ba7c8730309cdc5d94b1b81da500a4aa 
Number of updated asset objects reloaded before import = 0Number of asset objects unloaded after import = 1

========================================================================
Received Import Request.
  Time since last request: 0.000038 seconds.
  path: Assets/VRTemplateAssets/Materials/Anchor Materials/Anchor Blue Glow.mat
  importAddress: Guid(7a723ecfb519e7945a7fa67bed0a57f1) Importer(2089858483,b0f066a214c2f5e87bad3c948f4d605d)
Start importing Assets/VRTemplateAssets/Materials/Anchor Materials/Anchor Blue Glow.mat using Guid(7a723ecfb519e7945a7fa67bed0a57f1) Importer(2089858483,b0f066a214c2f5e87bad3c948f4d605d) (ScriptedImporter) -> (Import Result ID: '30ede10564073a03dd59e6f51e840d0f') in 0.0260433 seconds [static and dynamic dependencies]. Details - ImportResultOutputID=37c8eb6064c2332b01aa8105a9e8bd2d DependenciesID=ae5f0910b48e036ac32f7e147a9950a8 StaticDependenciesID=0763ab33b4e266ec5e076062af15c2eb 
Number of updated asset objects reloaded before import = 0Number of asset objects unloaded after import = 3

========================================================================
Received Import Request.
  Time since last request: 0.000038 seconds.
  path: Assets/VRTemplateAssets/Materials/Locomotion/BlinkOcclusionPass.mat
  importAddress: Guid(001bdd73657b0304fa8db289f612d45b) Importer(2089858483,b0f066a214c2f5e87bad3c948f4d605d)
Start importing Assets/VRTemplateAssets/Materials/Locomotion/BlinkOcclusionPass.mat using Guid(001bdd73657b0304fa8db289f612d45b) Importer(2089858483,b0f066a214c2f5e87bad3c948f4d605d) (ScriptedImporter) -> (Import Result ID: '1d56fad88b72266229b9937d684c3aa9') in 0.034301 seconds [static and dynamic dependencies]. Details - ImportResultOutputID=62a6ff0477def07209312fad8cf8830e DependenciesID=f84c702fe5a74c6d7dafd2beb5a49347 StaticDependenciesID=abe31d154baf5f38a21a57cb4e32cbb2 
Number of updated asset objects reloaded before import = 0Number of asset objects unloaded after import = 2

========================================================================
Received Import Request.
  Time since last request: 0.000044 seconds.
  path: Assets/VRTemplateAssets/Scripts/VideoTimeScrubControl.cs
  importAddress: Guid(6ca75f292f7449044807f6ba9e6f954c) Importer(2089858483,b0f066a214c2f5e87bad3c948f4d605d)
Start importing Assets/VRTemplateAssets/Scripts/VideoTimeScrubControl.cs using Guid(6ca75f292f7449044807f6ba9e6f954c) Importer(2089858483,b0f066a214c2f5e87bad3c948f4d605d) (ScriptedImporter) -> (Import Result ID: '51231304039cad8fbbab19514a0998df') in 0.0247183 seconds [static and dynamic dependencies]. Details - ImportResultOutputID=59605ee69e3ce28646f52fd95e48fb19 DependenciesID=bb0630a460e78475cc921b9117077020 StaticDependenciesID=430efe17b0e09482dcbbd0e22421a1b8 
Number of updated asset objects reloaded before import = 0Number of asset objects unloaded after import = 0

========================================================================
Received Import Request.
  Time since last request: 0.044643 seconds.
  path: Assets/VRTemplateAssets/Materials/Particles/ConfettiParticles.mat
  importAddress: Guid(456e2158124c0aa40bf9eceb850dfdb4) Importer(2089858483,b0f066a214c2f5e87bad3c948f4d605d)
Start importing Assets/VRTemplateAssets/Materials/Particles/ConfettiParticles.mat using Guid(456e2158124c0aa40bf9eceb850dfdb4) Importer(2089858483,b0f066a214c2f5e87bad3c948f4d605d) (ScriptedImporter) -> (Import Result ID: '1bb68920c1d0a676ec7a4c685ce76dcb') in 0.0439762 seconds [static and dynamic dependencies]. Details - ImportResultOutputID=6095f0bf592c6012e30db055337a1bc7 DependenciesID=55e7aec7334a971abbacda3425300489 StaticDependenciesID=b7c46883f27e640a41c32935cc1066a5 
Number of updated asset objects reloaded before import = 0Number of asset objects unloaded after import = 1

========================================================================
Received Import Request.
  Time since last request: 0.000028 seconds.
  path: Assets/VRTemplateAssets/Materials/Primitive/Cube_Fabric.mat
  importAddress: Guid(6e9667c306271074f8569f70b8f0acf1) Importer(2089858483,b0f066a214c2f5e87bad3c948f4d605d)
Start importing Assets/VRTemplateAssets/Materials/Primitive/Cube_Fabric.mat using Guid(6e9667c306271074f8569f70b8f0acf1) Importer(2089858483,b0f066a214c2f5e87bad3c948f4d605d) (ScriptedImporter) -> (Import Result ID: 'b30d5a1fafb853c8b8b2d294f6378259') in 0.0367653 seconds [static and dynamic dependencies]. Details - ImportResultOutputID=c2cb3689546b641c90043e9c9e21d24a DependenciesID=d4cd4deb7b675d6a3e410aaa3e4dc1e2 StaticDependenciesID=13c302799367524eeb580167399393d5 
Number of updated asset objects reloaded before import = 0Number of asset objects unloaded after import = 5

========================================================================
Received Import Request.
  Time since last request: 0.000047 seconds.
  path: Assets/VRTemplateAssets/Materials/Primitive/fabric_Base_color.png
  importAddress: Guid(27ef0c8a1f7e7f24c8dfdcdf67dbe928) Importer(2089858483,b0f066a214c2f5e87bad3c948f4d605d)
Start importing Assets/VRTemplateAssets/Materials/Primitive/fabric_Base_color.png using Guid(27ef0c8a1f7e7f24c8dfdcdf67dbe928) Importer(2089858483,b0f066a214c2f5e87bad3c948f4d605d) (ScriptedImporter) -> (Import Result ID: '4c29a4176a8cbcce47cea0fb8d92b314') in 0.0270946 seconds [static and dynamic dependencies]. Details - ImportResultOutputID=0748ea4c645740af7e17e5973822e351 DependenciesID=741dcd49b177df21eac776217ea000c3 StaticDependenciesID=1bdd86aba7d24c3ef96e8dba81b91b3c 
Number of updated asset objects reloaded before import = 0Number of asset objects unloaded after import = 1

========================================================================
Received Import Request.
  Time since last request: 0.000031 seconds.
  path: Assets/VRTemplateAssets/Materials/Primitive/fabric_Height.png
  importAddress: Guid(356c407e725a3f848a785b134856cd4b) Importer(2089858483,b0f066a214c2f5e87bad3c948f4d605d)
Start importing Assets/VRTemplateAssets/Materials/Primitive/fabric_Height.png using Guid(356c407e725a3f848a785b134856cd4b) Importer(2089858483,b0f066a214c2f5e87bad3c948f4d605d) (ScriptedImporter) -> (Import Result ID: '31b009cf5caf3e4a6deb7d6730013dc6') in 0.0284975 seconds [static and dynamic dependencies]. Details - ImportResultOutputID=c6b8a92506e0932619b1146c7225e087 DependenciesID=4c0bd2e394bd0775ed1b38273120531e StaticDependenciesID=e49e2643397fa7becc81e74698347826 
Number of updated asset objects reloaded before import = 0Number of asset objects unloaded after import = 1

========================================================================
Received Import Request.
  Time since last request: 0.000032 seconds.
  path: Assets/VRTemplateAssets/Materials/Primitive/fabric_Roughness.png
  importAddress: Guid(319adc7d9f08d654a854fd141a197589) Importer(2089858483,b0f066a214c2f5e87bad3c948f4d605d)
Start importing Assets/VRTemplateAssets/Materials/Primitive/fabric_Roughness.png using Guid(319adc7d9f08d654a854fd141a197589) Importer(2089858483,b0f066a214c2f5e87bad3c948f4d605d) (ScriptedImporter) -> (Import Result ID: '78cae287ae5c3253650b48ebe9f6d94d') in 0.0313851 seconds [static and dynamic dependencies]. Details - ImportResultOutputID=5b721c7b49419ffd44b6fca2484c2f25 DependenciesID=42a2fc255f3df949c23b4242aac75cbe StaticDependenciesID=817ae0da76a6b20395dc5fd227ed7d03 
Number of updated asset objects reloaded before import = 0Number of asset objects unloaded after import = 1

========================================================================
Received Import Request.
  Time since last request: 0.000042 seconds.
  path: Assets/VRTemplateAssets/Materials/Primitive/Interactables 3.mat
  importAddress: Guid(cf6ddc7949dbe3c4992fd95474f486f6) Importer(2089858483,b0f066a214c2f5e87bad3c948f4d605d)
Start importing Assets/VRTemplateAssets/Materials/Primitive/Interactables 3.mat using Guid(cf6ddc7949dbe3c4992fd95474f486f6) Importer(2089858483,b0f066a214c2f5e87bad3c948f4d605d) (ScriptedImporter) -> (Import Result ID: '47396358ac6bcee3e3dec42295d5a3a7') in 0.0295174 seconds [static and dynamic dependencies]. Details - ImportResultOutputID=6fa1d4d5a11e7b4670bcfa7639e347fd DependenciesID=932ce45da00530d228542ef170e61a4b StaticDependenciesID=e39febe96364fb03a23382e7062c221e 
Number of updated asset objects reloaded before import = 0Number of asset objects unloaded after import = 7

========================================================================
Received Import Request.
  Time since last request: 0.000040 seconds.
  path: Assets/VRTemplateAssets/Materials/Primitive/Green.mat
  importAddress: Guid(c4fad0f5843a8fc4f8488ab522a78684) Importer(2089858483,b0f066a214c2f5e87bad3c948f4d605d)
Start importing Assets/VRTemplateAssets/Materials/Primitive/Green.mat using Guid(c4fad0f5843a8fc4f8488ab522a78684) Importer(2089858483,b0f066a214c2f5e87bad3c948f4d605d) (ScriptedImporter) -> (Import Result ID: '4f79adf50f7ec45b3b5c22d5b278e16a') in 0.0309687 seconds [static and dynamic dependencies]. Details - ImportResultOutputID=a45565318e6eef34cec2e039437b8b69 DependenciesID=e40810f7dd4dd03b910e6e1d756363a7 StaticDependenciesID=05a6cc2ee967f467bb721d98c50f4ef1 
Number of updated asset objects reloaded before import = 0Number of asset objects unloaded after import = 3

========================================================================
Received Import Request.
  Time since last request: 0.000048 seconds.
  path: Assets/VRTemplateAssets/Materials/Primitive/Interactables 5.mat
  importAddress: Guid(83eabfe673263a445972586e5d8b56ee) Importer(2089858483,b0f066a214c2f5e87bad3c948f4d605d)
Start importing Assets/VRTemplateAssets/Materials/Primitive/Interactables 5.mat using Guid(83eabfe673263a445972586e5d8b56ee) Importer(2089858483,b0f066a214c2f5e87bad3c948f4d605d) (ScriptedImporter) -> (Import Result ID: 'f496546387cebb223b6289d6b87b066d') in 0.0331387 seconds [static and dynamic dependencies]. Details - ImportResultOutputID=e9026eb0c6f007d8d74683112d0714a6 DependenciesID=59ef4106c544e1a2b93236bc8a644856 StaticDependenciesID=4b59bfb4b6685ea93a2842c57859ab00 
Number of updated asset objects reloaded before import = 0Number of asset objects unloaded after import = 7

========================================================================
Received Import Request.
  Time since last request: 0.000107 seconds.
  path: Assets/VRTemplateAssets/Materials/Primitive/Torus.mat
  importAddress: Guid(bf6a673a7ceb9fd45968b0283b67b5bf) Importer(2089858483,b0f066a214c2f5e87bad3c948f4d605d)
Start importing Assets/VRTemplateAssets/Materials/Primitive/Torus.mat using Guid(bf6a673a7ceb9fd45968b0283b67b5bf) Importer(2089858483,b0f066a214c2f5e87bad3c948f4d605d) (ScriptedImporter) -> (Import Result ID: '5ef60df92fbbb7da976eb351ac849047') in 0.0315065 seconds [static and dynamic dependencies]. Details - ImportResultOutputID=db496a1bfb0d223d6615c4e1b09a059d DependenciesID=512f87e16903c5b9c07e0f23c2741cc8 StaticDependenciesID=695fd9d0467a8f9871a4548b13f12c7d 
Number of updated asset objects reloaded before import = 0Number of asset objects unloaded after import = 8

========================================================================
Received Import Request.
  Time since last request: 0.000039 seconds.
  path: Assets/VRTemplateAssets/Materials/Primitive/Sticky.physicMaterial
  importAddress: Guid(93fd3ce14e8045645a179db0bfce7ea9) Importer(2089858483,b0f066a214c2f5e87bad3c948f4d605d)
Start importing Assets/VRTemplateAssets/Materials/Primitive/Sticky.physicMaterial using Guid(93fd3ce14e8045645a179db0bfce7ea9) Importer(2089858483,b0f066a214c2f5e87bad3c948f4d605d) (ScriptedImporter) -> (Import Result ID: '77d52bd2f1e13d0863b7cc825a80968a') in 0.0258701 seconds [static and dynamic dependencies]. Details - ImportResultOutputID=823230de1f2f38e761f73717d74528c6 DependenciesID=25dccff94f35ef564ca93cb72ae50a3a StaticDependenciesID=c946d6df6b74b32f62f2d48eacdc528b 
Number of updated asset objects reloaded before import = 0Number of asset objects unloaded after import = 1

========================================================================
Received Import Request.
  Time since last request: 0.000052 seconds.
  path: Assets/VRTemplateAssets/Materials/Primitive/torus_Base_color.png
  importAddress: Guid(ca79f6bd1241df749b5287c1ef0c0304) Importer(2089858483,b0f066a214c2f5e87bad3c948f4d605d)
Start importing Assets/VRTemplateAssets/Materials/Primitive/torus_Base_color.png using Guid(ca79f6bd1241df749b5287c1ef0c0304) Importer(2089858483,b0f066a214c2f5e87bad3c948f4d605d) (ScriptedImporter) -> (Import Result ID: '1d24fdf0266046113c906355c31b11cf') in 0.0299259 seconds [static and dynamic dependencies]. Details - ImportResultOutputID=5449da3d2e5eedf44c025cbd5fba693b DependenciesID=81352f046253c9c46ebcff9e5e80066d StaticDependenciesID=0df25fbd7c4c9b817bf63603055bfc93 
Number of updated asset objects reloaded before import = 0Number of asset objects unloaded after import = 1

========================================================================
Received Import Request.
  Time since last request: 0.000043 seconds.
  path: Assets/VRTemplateAssets/Materials/Primitive/torus_Roughness.png
  importAddress: Guid(fb131a1c1f4a365408bb20898e26015a) Importer(2089858483,b0f066a214c2f5e87bad3c948f4d605d)
Start importing Assets/VRTemplateAssets/Materials/Primitive/torus_Roughness.png using Guid(fb131a1c1f4a365408bb20898e26015a) Importer(2089858483,b0f066a214c2f5e87bad3c948f4d605d) (ScriptedImporter) -> (Import Result ID: '4366e56d5e52e1b5e87b88a86aa8bbb5') in 0.0382587 seconds [static and dynamic dependencies]. Details - ImportResultOutputID=d679226baf87e68bcaa52b3f0edc703a DependenciesID=e0f87afdad5e4cdae607fd688ccfd2f8 StaticDependenciesID=ba92223ce874a24ee32c38a8608a7a15 
Number of updated asset objects reloaded before import = 0Number of asset objects unloaded after import = 1

========================================================================
Received Import Request.
  Time since last request: 0.000033 seconds.
  path: Assets/VRTemplateAssets/Materials/Primitive/torus_Height.png
  importAddress: Guid(c8e3e9c3524648a47b779e016a93f0f0) Importer(2089858483,b0f066a214c2f5e87bad3c948f4d605d)
Start importing Assets/VRTemplateAssets/Materials/Primitive/torus_Height.png using Guid(c8e3e9c3524648a47b779e016a93f0f0) Importer(2089858483,b0f066a214c2f5e87bad3c948f4d605d) (ScriptedImporter) -> (Import Result ID: '078fa242e443aadbebd0d00dd4a77f63') in 0.0345528 seconds [static and dynamic dependencies]. Details - ImportResultOutputID=8a3a9ac5c0adc272a3e95e458c7571dd DependenciesID=f86754a6f23f7cb6412118b28681960b StaticDependenciesID=c3767dc8bb767560eb0bdfdbb1e3c216 
Number of updated asset objects reloaded before import = 0Number of asset objects unloaded after import = 1

========================================================================
Received Import Request.
  Time since last request: 0.035908 seconds.
  path: Assets/VRTemplateAssets/Materials/Skybox/Hub Skybox Blue 2.mat
  importAddress: Guid(5334f277fcb843944aebc29131d0b5a6) Importer(2089858483,b0f066a214c2f5e87bad3c948f4d605d)
Start importing Assets/VRTemplateAssets/Materials/Skybox/Hub Skybox Blue 2.mat using Guid(5334f277fcb843944aebc29131d0b5a6) Importer(2089858483,b0f066a214c2f5e87bad3c948f4d605d) (ScriptedImporter) -> (Import Result ID: '6ccd3ae9594f9cd5a812be1c6eb67315') in 0.0291413 seconds [static and dynamic dependencies]. Details - ImportResultOutputID=5644040c35b8af6bd398965445c20633 DependenciesID=c37d031c1a8fd3beb17f9dea38b3cb54 StaticDependenciesID=52903d3b0257b564e952b8125266f849 
Number of updated asset objects reloaded before import = 0Number of asset objects unloaded after import = 1

========================================================================
Received Import Request.
  Time since last request: 0.000042 seconds.
  path: Assets/VRTemplateAssets/Materials/UI/Blue.mat
  importAddress: Guid(6252b551806ea8940a1613d21e68a460) Importer(2089858483,b0f066a214c2f5e87bad3c948f4d605d)
Start importing Assets/VRTemplateAssets/Materials/UI/Blue.mat using Guid(6252b551806ea8940a1613d21e68a460) Importer(2089858483,b0f066a214c2f5e87bad3c948f4d605d) (ScriptedImporter) -> (Import Result ID: 'cc8d2b7d3314c416bfab6c7d8f61a968') in 0.0323193 seconds [static and dynamic dependencies]. Details - ImportResultOutputID=e4b0e6bebf9a74a2f335debd6c142d3f DependenciesID=e8b3981c761ee3dd692d0d6910fc8a49 StaticDependenciesID=b30dd48ba6483574a8082bdf5b2c5b7b 
Number of updated asset objects reloaded before import = 0Number of asset objects unloaded after import = 1

========================================================================
Received Import Request.
  Time since last request: 0.000029 seconds.
  path: Assets/VRTemplateAssets/Materials/UI/Handle.mat
  importAddress: Guid(5d9a96601b525ff40b25403df61ff736) Importer(2089858483,b0f066a214c2f5e87bad3c948f4d605d)
Start importing Assets/VRTemplateAssets/Materials/UI/Handle.mat using Guid(5d9a96601b525ff40b25403df61ff736) Importer(2089858483,b0f066a214c2f5e87bad3c948f4d605d) (ScriptedImporter) -> (Import Result ID: '191fceb1192ea131fd2afdc9546c1304') in 0.025876 seconds [static and dynamic dependencies]. Details - ImportResultOutputID=11687238afa95609ca6556b5edb6648f DependenciesID=ff50dff67b83d32a540941ef7111778c StaticDependenciesID=1c7a4a9183bbfb40340cb910344f5968 
Number of updated asset objects reloaded before import = 0Number of asset objects unloaded after import = 1

========================================================================
Received Import Request.
  Time since last request: 0.000053 seconds.
  path: Assets/VRTemplateAssets/Materials/Skybox/skybox01_openGL.mat
  importAddress: Guid(ec46d2188d4b8774e847e75f1e12a8db) Importer(2089858483,b0f066a214c2f5e87bad3c948f4d605d)
Start importing Assets/VRTemplateAssets/Materials/Skybox/skybox01_openGL.mat using Guid(ec46d2188d4b8774e847e75f1e12a8db) Importer(2089858483,b0f066a214c2f5e87bad3c948f4d605d) (ScriptedImporter) -> (Import Result ID: '1e984ab2d293eb37cff089cbbfff6574') in 0.0584593 seconds [static and dynamic dependencies]. Details - ImportResultOutputID=bad4ce2f1ba72261402a2dcb05f753f8 DependenciesID=8f9508be5b05070d61edf4f1853b2f00 StaticDependenciesID=1aea9f8394e7023d2b8b5f01143d0917 
Number of updated asset objects reloaded before import = 0Number of asset objects unloaded after import = 2

========================================================================
Received Import Request.
  Time since last request: 0.845683 seconds.
  path: Assets/VRTemplateAssets/Materials/UI/torus_cursorShape.png
  importAddress: Guid(8f956ef5b213a174e8ff93ecfd35f269) Importer(2089858483,b0f066a214c2f5e87bad3c948f4d605d)
Start importing Assets/VRTemplateAssets/Materials/UI/torus_cursorShape.png using Guid(8f956ef5b213a174e8ff93ecfd35f269) Importer(2089858483,b0f066a214c2f5e87bad3c948f4d605d) (ScriptedImporter) -> (Import Result ID: '942c5bc361ea36539df6cbe9e6a8a6f2') in 0.0587548 seconds [static and dynamic dependencies]. Details - ImportResultOutputID=3fb9c6f81e5a5677fb57e6fdb8732e45 DependenciesID=03b89475bff10a612f9961505bd0551e StaticDependenciesID=bba3e532b185bcde2480c15160548a6a 
Number of updated asset objects reloaded before import = 0Number of asset objects unloaded after import = 1

========================================================================
Received Import Request.
  Time since last request: 0.000289 seconds.
  path: Assets/VRTemplateAssets/Models/Anchor/AnchorBase.fbx
  importAddress: Guid(83053866027bda94da06cb09ab527394) Importer(2089858483,b0f066a214c2f5e87bad3c948f4d605d)
Start importing Assets/VRTemplateAssets/Models/Anchor/AnchorBase.fbx using Guid(83053866027bda94da06cb09ab527394) Importer(2089858483,b0f066a214c2f5e87bad3c948f4d605d) (ScriptedImporter) -> (Import Result ID: 'f089db1bd1839d9f65e48b6eb79a26d0') in 0.1659274 seconds [static and dynamic dependencies]. Details - ImportResultOutputID=c91871ad302b091837977f9538d017e9 DependenciesID=e3bf3c7a21f8ccd230da312ff90c4fd9 StaticDependenciesID=60be7263b900731127224adfaf517eca 
Number of updated asset objects reloaded before import = 0Number of asset objects unloaded after import = 8

========================================================================
Received Import Request.
  Time since last request: 0.000040 seconds.
  path: Assets/VRTemplateAssets/Materials/UI/VideoTexture.mat
  importAddress: Guid(21b7c0feceb2bd14d96ca4c49a2a776b) Importer(2089858483,b0f066a214c2f5e87bad3c948f4d605d)
Start importing Assets/VRTemplateAssets/Materials/UI/VideoTexture.mat using Guid(21b7c0feceb2bd14d96ca4c49a2a776b) Importer(2089858483,b0f066a214c2f5e87bad3c948f4d605d) (ScriptedImporter) -> (Import Result ID: 'd4b70ccbb68abe1f8d0d03a1f97e41ee') in 0.0296554 seconds [static and dynamic dependencies]. Details - ImportResultOutputID=34618890d734a24bc03ee4fcc4290968 DependenciesID=6f8102a76d28ceb6ec8d8f4ab0c61135 StaticDependenciesID=4aa848f5a3d0c86ab35cac367eeedbaf 
Number of updated asset objects reloaded before import = 0Number of asset objects unloaded after import = 1

========================================================================
Received Import Request.
  Time since last request: 0.000028 seconds.
  path: Assets/VRTemplateAssets/Models/Cursors/cursor.fbx
  importAddress: Guid(6ba268f48a822b241b0eb00b775034e5) Importer(2089858483,b0f066a214c2f5e87bad3c948f4d605d)
Start importing Assets/VRTemplateAssets/Models/Cursors/cursor.fbx using Guid(6ba268f48a822b241b0eb00b775034e5) Importer(2089858483,b0f066a214c2f5e87bad3c948f4d605d) (ScriptedImporter) -> (Import Result ID: '91cb99cf2e39959549a1e51d0d7c2a10') in 0.0511218 seconds [static and dynamic dependencies]. Details - ImportResultOutputID=5774216944b1c055e86f8c79c463e4ce DependenciesID=c72f2b4a4fe9f54409ae82946fb19a36 StaticDependenciesID=f45e27e2ca2e369ed8966b43b91f6497 
Number of updated asset objects reloaded before import = 0Number of asset objects unloaded after import = 7

========================================================================
Received Import Request.
  Time since last request: 0.000038 seconds.
  path: Assets/VRTemplateAssets/Models/Controllers/UniversalController.fbx
  importAddress: Guid(72af14b56f398804bbcbc04b48efce81) Importer(2089858483,b0f066a214c2f5e87bad3c948f4d605d)
Start importing Assets/VRTemplateAssets/Models/Controllers/UniversalController.fbx using Guid(72af14b56f398804bbcbc04b48efce81) Importer(2089858483,b0f066a214c2f5e87bad3c948f4d605d) (ScriptedImporter) -> (Import Result ID: '80a1ae1901dd4eadeed3ce9ad839c1a7') in 0.0457019 seconds [static and dynamic dependencies]. Details - ImportResultOutputID=225d1fe1ec84baa52e8dcbc29d990759 DependenciesID=db0e366f18eb85fde465d5e4aad1ed44 StaticDependenciesID=91c2905029ecc794065df22c00cd0e92 
Number of updated asset objects reloaded before import = 0Number of asset objects unloaded after import = 51

========================================================================
Received Import Request.
  Time since last request: 0.000073 seconds.
  path: Assets/VRTemplateAssets/Models/Environment/Template Environment.fbx
  importAddress: Guid(00c9c177e828a57439e290aef2a23b3f) Importer(2089858483,b0f066a214c2f5e87bad3c948f4d605d)
Start importing Assets/VRTemplateAssets/Models/Environment/Template Environment.fbx using Guid(00c9c177e828a57439e290aef2a23b3f) Importer(2089858483,b0f066a214c2f5e87bad3c948f4d605d) (ScriptedImporter) -> (Import Result ID: '56f071eaeeaa1319f27afae6f2106288') in 0.0779057 seconds [static and dynamic dependencies]. Details - ImportResultOutputID=5fa384d41fcf0d876b22788fa5ac469a DependenciesID=a84c28ac423606484d02a11ec82493f2 StaticDependenciesID=90319cf443c7e3226433804760940e05 
Number of updated asset objects reloaded before import = 0Number of asset objects unloaded after import = 48

========================================================================
Received Import Request.
  Time since last request: 0.000043 seconds.
  path: Assets/VRTemplateAssets/Models/Poke/PokePointer.fbx
  importAddress: Guid(a7a48ffe8eca1b6418fba110a2d48baa) Importer(2089858483,b0f066a214c2f5e87bad3c948f4d605d)
Start importing Assets/VRTemplateAssets/Models/Poke/PokePointer.fbx using Guid(a7a48ffe8eca1b6418fba110a2d48baa) Importer(2089858483,b0f066a214c2f5e87bad3c948f4d605d) (ScriptedImporter) -> (Import Result ID: '6568e6b7942f3c7ff24f6eb3b7793350') in 0.0396102 seconds [static and dynamic dependencies]. Details - ImportResultOutputID=a2e14ae5317ebe6e72bd052b19f235c8 DependenciesID=f464abc176beffd61a6a581d2ccf230a StaticDependenciesID=2e2520f427079785295b0eef23d34a8d 
Number of updated asset objects reloaded before import = 0Number of asset objects unloaded after import = 8

========================================================================
Received Import Request.
  Time since last request: 0.000058 seconds.
  path: Assets/VRTemplateAssets/Models/Primitives/Sphere.fbx
  importAddress: Guid(080ad8ef2223242198a30df487d9bcbb) Importer(2089858483,b0f066a214c2f5e87bad3c948f4d605d)
Start importing Assets/VRTemplateAssets/Models/Primitives/Sphere.fbx using Guid(080ad8ef2223242198a30df487d9bcbb) Importer(2089858483,b0f066a214c2f5e87bad3c948f4d605d) (ScriptedImporter) -> (Import Result ID: '94b3450f1910c5e1e403f735c9ae67e7') in 0.0436307 seconds [static and dynamic dependencies]. Details - ImportResultOutputID=e3a7d7c0eac3d66893e778fb078ddb5d DependenciesID=e0349dc057c73c9985ae614174a3a82f StaticDependenciesID=1bf51f44fd9d7e68222d718f9a253630 
Number of updated asset objects reloaded before import = 0Number of asset objects unloaded after import = 8

========================================================================
Received Import Request.
  Time since last request: 0.000037 seconds.
  path: Assets/VRTemplateAssets/Tutorial/VRTutorialStyle.asset
  importAddress: Guid(148a9beb0fa9a4026a837fad3a14e6a4) Importer(2089858483,b0f066a214c2f5e87bad3c948f4d605d)
Start importing Assets/VRTemplateAssets/Tutorial/VRTutorialStyle.asset using Guid(148a9beb0fa9a4026a837fad3a14e6a4) Importer(2089858483,b0f066a214c2f5e87bad3c948f4d605d) (ScriptedImporter) -> (Import Result ID: '76dca8a479e86460b73e3754d313818d') in 0.0422332 seconds [static and dynamic dependencies]. Details - ImportResultOutputID=23a203ecb63b584a89ba050be4c566d8 DependenciesID=feb0591640e4cfa46027182e816e47c3 StaticDependenciesID=6e858e1c0bc0b17041697a2e780643f6 
Number of updated asset objects reloaded before import = 0Number of asset objects unloaded after import = 1

========================================================================
Received Import Request.
  Time since last request: 0.000032 seconds.
  path: Assets/Scenes/SampleScene/ReflectionProbe-1.exr
  importAddress: Guid(fe92f018ab9184b43b46c80b2a02e522) Importer(2089858483,b0f066a214c2f5e87bad3c948f4d605d)
Start importing Assets/Scenes/SampleScene/ReflectionProbe-1.exr using Guid(fe92f018ab9184b43b46c80b2a02e522) Importer(2089858483,b0f066a214c2f5e87bad3c948f4d605d) (ScriptedImporter) -> (Import Result ID: 'c37bf0a68e0308bf9856a9d4d78afb6f') in 0.0361975 seconds [static and dynamic dependencies]. Details - ImportResultOutputID=a733d9285141cbd0158370d3fa684543 DependenciesID=b972b6037a50e774ab4ef2df9661f967 StaticDependenciesID=cd13ac562fb6562b6265812fbe86dc3a 
Number of updated asset objects reloaded before import = 0Number of asset objects unloaded after import = 1

========================================================================
Received Import Request.
  Time since last request: 0.000049 seconds.
  path: Assets/Scenes/SampleScene/Lightmap-0_comp_shadowmask.png
  importAddress: Guid(5b272b86282919a4488341408a338239) Importer(2089858483,b0f066a214c2f5e87bad3c948f4d605d)
Start importing Assets/Scenes/SampleScene/Lightmap-0_comp_shadowmask.png using Guid(5b272b86282919a4488341408a338239) Importer(2089858483,b0f066a214c2f5e87bad3c948f4d605d) (ScriptedImporter) -> (Import Result ID: '731ef5d6abd874963f3003e781f0ab93') in 0.0317099 seconds [static and dynamic dependencies]. Details - ImportResultOutputID=d8862fa8c608c952b3fafb485be54527 DependenciesID=e04b64ec81980ee1b3357ef68b61e49d StaticDependenciesID=a4c2a777ce86fc32540fe69c28ae8721 
Number of updated asset objects reloaded before import = 0Number of asset objects unloaded after import = 1

========================================================================
Received Import Request.
  Time since last request: 0.000031 seconds.
  path: Assets/XR/AndroidXR/AndroidXRSettingsInitializer
  importAddress: Guid(3fec5b1471b1cc94b8c784fe0555f504) Importer(2089858483,b0f066a214c2f5e87bad3c948f4d605d)
Start importing Assets/XR/AndroidXR/AndroidXRSettingsInitializer using Guid(3fec5b1471b1cc94b8c784fe0555f504) Importer(2089858483,b0f066a214c2f5e87bad3c948f4d605d) (ScriptedImporter) -> (Import Result ID: 'a60708affef088b805bab41e07e52d47') in 0.0218124 seconds [static and dynamic dependencies]. Details - ImportResultOutputID=3b40e796b6814db30ebc0398b47153b3 DependenciesID=b508beb4f3526980033e36fe59ef63fa StaticDependenciesID=6a802caf983aa5655a7d7e339bf32420 
Number of updated asset objects reloaded before import = 0Number of asset objects unloaded after import = 1

========================================================================
Received Import Request.
  Time since last request: 0.000037 seconds.
  path: Assets/XR/Loaders/SimulationLoader.asset
  importAddress: Guid(264fc24f5797ff047bba4514d92ed96d) Importer(2089858483,b0f066a214c2f5e87bad3c948f4d605d)
Start importing Assets/XR/Loaders/SimulationLoader.asset using Guid(264fc24f5797ff047bba4514d92ed96d) Importer(2089858483,b0f066a214c2f5e87bad3c948f4d605d) (ScriptedImporter) -> (Import Result ID: 'a08474c60dc705b2b677f36e3d4b97c0') in 0.0271798 seconds [static and dynamic dependencies]. Details - ImportResultOutputID=7f4f8f0336f6dda6d13e3c0490844ef2 DependenciesID=f9c0a9b007556ec1ebe00631bf8b4282 StaticDependenciesID=5e0fef701bd5815e9895c6bde52d898e 
Number of updated asset objects reloaded before import = 0Number of asset objects unloaded after import = 1

========================================================================
Received Import Request.
  Time since last request: 0.000044 seconds.
  path: Assets/Scenes/BasicScene/Grid_Light_512x512.png
  importAddress: Guid(8685512c7856ffd40a4ad1859a7cb52c) Importer(2089858483,b0f066a214c2f5e87bad3c948f4d605d)
Start importing Assets/Scenes/BasicScene/Grid_Light_512x512.png using Guid(8685512c7856ffd40a4ad1859a7cb52c) Importer(2089858483,b0f066a214c2f5e87bad3c948f4d605d) (ScriptedImporter) -> (Import Result ID: '095cbbb26a0f50f49447e545e5575e83') in 0.0348722 seconds [static and dynamic dependencies]. Details - ImportResultOutputID=9574f31a773f8eb0a08cbbbc5dcc50dd DependenciesID=d8e1401546a7d84588299837ecbc97c8 StaticDependenciesID=b34149b04618b9c7ea348df7f36ba3d6 
Number of updated asset objects reloaded before import = 0Number of asset objects unloaded after import = 1

========================================================================
Received Import Request.
  Time since last request: 0.000040 seconds.
  path: Assets/Settings/Project Configuration/Standalone Preset.asset
  importAddress: Guid(b4712bf26326e8a4286df35b4a6d2b19) Importer(2089858483,b0f066a214c2f5e87bad3c948f4d605d)
Start importing Assets/Settings/Project Configuration/Standalone Preset.asset using Guid(b4712bf26326e8a4286df35b4a6d2b19) Importer(2089858483,b0f066a214c2f5e87bad3c948f4d605d) (ScriptedImporter) -> (Import Result ID: 'b69925e2af50c3aa0999ed0a4d5a24cb') in 0.0688852 seconds [static and dynamic dependencies]. Details - ImportResultOutputID=dcdf1bfc20bc3be274389811011afd00 DependenciesID=8b83339358384709ed411c2a97f2d64a StaticDependenciesID=280ec6ead7698a3694117bb2072a7e11 
Number of updated asset objects reloaded before import = 0Number of asset objects unloaded after import = 2

========================================================================
Received Import Request.
  Time since last request: 0.000047 seconds.
  path: Assets/VRTemplateAssets/Scripts/RayAttachModifier.cs
  importAddress: Guid(b4f2f658073e4974d800c553fe797db1) Importer(2089858483,b0f066a214c2f5e87bad3c948f4d605d)
Start importing Assets/VRTemplateAssets/Scripts/RayAttachModifier.cs using Guid(b4f2f658073e4974d800c553fe797db1) Importer(2089858483,b0f066a214c2f5e87bad3c948f4d605d) (ScriptedImporter) -> (Import Result ID: '93411f213fe0816aa1cc7949a795a404') in 0.0250411 seconds [static and dynamic dependencies]. Details - ImportResultOutputID=57af1c75fa3636f25093a6917d3a7722 DependenciesID=66f5670f03c361a0c5bfbac529d1f88f StaticDependenciesID=1b85b4c3c8c4938f0760691d37c55821 
Number of updated asset objects reloaded before import = 0Number of asset objects unloaded after import = 0

========================================================================
Received Import Request.
  Time since last request: 0.000046 seconds.
  path: Assets/VRTemplateAssets/Tutorial/VRTutorialProjectSettings.asset
  importAddress: Guid(76b4acc4d12394f60a5accbec43ae2a7) Importer(2089858483,b0f066a214c2f5e87bad3c948f4d605d)
Start importing Assets/VRTemplateAssets/Tutorial/VRTutorialProjectSettings.asset using Guid(76b4acc4d12394f60a5accbec43ae2a7) Importer(2089858483,b0f066a214c2f5e87bad3c948f4d605d) (ScriptedImporter) -> (Import Result ID: 'ce4172186a3ec4f64b07afbb75a219e5') in 0.0754718 seconds [static and dynamic dependencies]. Details - ImportResultOutputID=443f02347b32030553faf38737b9f5c7 DependenciesID=5a984f1a2f4b2cd8af2345a7f0b3e04a StaticDependenciesID=92e0d5f285368bbf656a7b056d0373c4 
Number of updated asset objects reloaded before import = 0Number of asset objects unloaded after import = 5

========================================================================
Received Import Request.
  Time since last request: 0.000046 seconds.
  path: Assets/VRTemplateAssets/Prefabs/Interactables/Totem1 Variant.prefab
  importAddress: Guid(e912fbd5396dace4dbdffbc8b79a6c14) Importer(2089858483,b0f066a214c2f5e87bad3c948f4d605d)
Start importing Assets/VRTemplateAssets/Prefabs/Interactables/Totem1 Variant.prefab using Guid(e912fbd5396dace4dbdffbc8b79a6c14) Importer(2089858483,b0f066a214c2f5e87bad3c948f4d605d) (ScriptedImporter) -> (Import Result ID: '961d985c9f97853a3505f17be5a1769f') in 0.055912 seconds [static and dynamic dependencies]. Details - ImportResultOutputID=dc8c36b06897ed524cd4c8603e2d1b2b DependenciesID=3d2edacac2880060d55bf17f882b15ee StaticDependenciesID=44bd4bf2c128ed2462c5c26ef5e1409c 
Number of updated asset objects reloaded before import = 0Number of asset objects unloaded after import = 67

========================================================================
Received Import Request.
  Time since last request: 0.000063 seconds.
  path: Assets/VRTemplateAssets/Prefabs/Interactables/Totem2 Variant.prefab
  importAddress: Guid(c72778ad3d61c1c4286eb3a2aeb02741) Importer(2089858483,b0f066a214c2f5e87bad3c948f4d605d)
Start importing Assets/VRTemplateAssets/Prefabs/Interactables/Totem2 Variant.prefab using Guid(c72778ad3d61c1c4286eb3a2aeb02741) Importer(2089858483,b0f066a214c2f5e87bad3c948f4d605d) (ScriptedImporter) -> (Import Result ID: 'e841244e559fe63f501bdf50e302f1ff') in 0.1067288 seconds [static and dynamic dependencies]. Details - ImportResultOutputID=cda588788fb3e31c480803e2cf0cdba8 DependenciesID=8b942495ec9528319fd39d37f316ddd1 StaticDependenciesID=6df30171f75b6bd87c39464f4a64d169 
Number of updated asset objects reloaded before import = 0Number of asset objects unloaded after import = 60

========================================================================
Received Import Request.
  Time since last request: 0.000047 seconds.
  path: Assets/VRTemplateAssets/Shaders/TexturedStableFresnelCommon.cginc
  importAddress: Guid(7e993ba3aff41e5449030adfcd2d5525) Importer(2089858483,b0f066a214c2f5e87bad3c948f4d605d)
Start importing Assets/VRTemplateAssets/Shaders/TexturedStableFresnelCommon.cginc using Guid(7e993ba3aff41e5449030adfcd2d5525) Importer(2089858483,b0f066a214c2f5e87bad3c948f4d605d) (ScriptedImporter) -> (Import Result ID: 'cc311c4626c577ab3eda73ed55fe1728') in 0.0231518 seconds [static and dynamic dependencies]. Details - ImportResultOutputID=10914b9627548517b3890b07909ceaf6 DependenciesID=8006569e3f3aa10ffa6b6b29860a029e StaticDependenciesID=f81f1cbe6639bf9a23dbf3eabf3c21ac 
Number of updated asset objects reloaded before import = 0Number of asset objects unloaded after import = 1

========================================================================
Received Import Request.
  Time since last request: 0.000060 seconds.
  path: Assets/VRTemplateAssets/Prefabs/TutorialPlayer/Tutorial Player.prefab
  importAddress: Guid(dc067c577ec1b854684d789b6e727cc0) Importer(2089858483,b0f066a214c2f5e87bad3c948f4d605d)
Start importing Assets/VRTemplateAssets/Prefabs/TutorialPlayer/Tutorial Player.prefab using Guid(dc067c577ec1b854684d789b6e727cc0) Importer(2089858483,b0f066a214c2f5e87bad3c948f4d605d) (ScriptedImporter) -> (Import Result ID: 'd12a1d6c90222b01bdb4c8645f559ecf') in 0.1179896 seconds [static and dynamic dependencies]. Details - ImportResultOutputID=7265f9fb3b2f8b8daba2ad99b27ae17c DependenciesID=6a188974cbe80ca461dcb503f4da3d9b StaticDependenciesID=7c552d7a1f1db47a6aaf6caba6e1a20d 
Number of updated asset objects reloaded before import = 0Number of asset objects unloaded after import = 91

========================================================================
Received Import Request.
  Time since last request: 0.000057 seconds.
  path: Assets/VRTemplateAssets/Prefabs/Controller/Right Controller.prefab
  importAddress: Guid(e8fb48b2097a4fe4c9bad4f438c1eae2) Importer(2089858483,b0f066a214c2f5e87bad3c948f4d605d)
Start importing Assets/VRTemplateAssets/Prefabs/Controller/Right Controller.prefab using Guid(e8fb48b2097a4fe4c9bad4f438c1eae2) Importer(2089858483,b0f066a214c2f5e87bad3c948f4d605d) (ScriptedImporter) -> (Import Result ID: '9ad07b7c7ca45d46d280a13c2211766f') in 0.0248588 seconds [static and dynamic dependencies]. Details - ImportResultOutputID=33795bb056c276cbdaf523da9ac0f81a DependenciesID=7e4129e62eddb644bd3c583f3ad0684c StaticDependenciesID=39e8d6985c8dcb0d1f64eaf1c9d94486 
Number of updated asset objects reloaded before import = 0Number of asset objects unloaded after import = 53

========================================================================
Received Import Request.
  Time since last request: 0.000050 seconds.
  path: Assets/Scenes/SampleScene/ReflectionProbe-0.exr
  importAddress: Guid(bfb8f0735ac8c9b43a2f0251aea88e11) Importer(2089858483,b0f066a214c2f5e87bad3c948f4d605d)
Start importing Assets/Scenes/SampleScene/ReflectionProbe-0.exr using Guid(bfb8f0735ac8c9b43a2f0251aea88e11) Importer(2089858483,b0f066a214c2f5e87bad3c948f4d605d) (ScriptedImporter) -> (Import Result ID: '74e555d80dda474e58055023efd2145e') in 0.0273214 seconds [static and dynamic dependencies]. Details - ImportResultOutputID=177210211dc2c06d84f7af4144065222 DependenciesID=96f3d370ca472cf07d16ccbd16db0fd5 StaticDependenciesID=14834bec9b6eec9ceb7ecf55fd30c322 
Number of updated asset objects reloaded before import = 0Number of asset objects unloaded after import = 1

========================================================================
Received Import Request.
  Time since last request: 0.000030 seconds.
  path: Assets/VRTemplateAssets/Prefabs/UI/List Item Button.prefab
  importAddress: Guid(fa5ef3b56cfeb4f4ba855cdf2610a578) Importer(2089858483,b0f066a214c2f5e87bad3c948f4d605d)
Start importing Assets/VRTemplateAssets/Prefabs/UI/List Item Button.prefab using Guid(fa5ef3b56cfeb4f4ba855cdf2610a578) Importer(2089858483,b0f066a214c2f5e87bad3c948f4d605d) (ScriptedImporter) -> (Import Result ID: '9bf389aa1369f807a6817d5d197f0533') in 0.0600657 seconds [static and dynamic dependencies]. Details - ImportResultOutputID=322a48d0d74f1771aedde440c05a9c1c DependenciesID=1b8e3e60adaf62cf3d3c720dbe28f27f StaticDependenciesID=fcd4c78a9d0fbd560cd25b4725ac33cb 
Number of updated asset objects reloaded before import = 0Number of asset objects unloaded after import = 44

========================================================================
Received Import Request.
  Time since last request: 0.000044 seconds.
  path: Assets/TextMesh Pro/Resources/Fonts & Materials/LiberationSans SDF.asset
  importAddress: Guid(8f586378b4e144a9851e7b34d9b748ee) Importer(2089858483,b0f066a214c2f5e87bad3c948f4d605d)
Start importing Assets/TextMesh Pro/Resources/Fonts & Materials/LiberationSans SDF.asset using Guid(8f586378b4e144a9851e7b34d9b748ee) Importer(2089858483,b0f066a214c2f5e87bad3c948f4d605d) (ScriptedImporter) -> (Import Result ID: 'f1ddaace4af1e6834351180d21986aea') in 0.1323459 seconds [static and dynamic dependencies]. Details - ImportResultOutputID=79661bc90f0409d0cb21a60b9d13216f DependenciesID=2f245874175ff5207688935cb70a8c9e StaticDependenciesID=fc15d4c41da3de9d3950d3db582b2406 
Number of updated asset objects reloaded before import = 0Number of asset objects unloaded after import = 8

========================================================================
Received Import Request.
  Time since last request: 0.000056 seconds.
  path: Assets/VRTemplateAssets/Sprites/CoachingCards/Coaching Step 2.png
  importAddress: Guid(9625d04e38cf2c24abcc8a5be4834ce4) Importer(2089858483,b0f066a214c2f5e87bad3c948f4d605d)
Start importing Assets/VRTemplateAssets/Sprites/CoachingCards/Coaching Step 2.png using Guid(9625d04e38cf2c24abcc8a5be4834ce4) Importer(2089858483,b0f066a214c2f5e87bad3c948f4d605d) (ScriptedImporter) -> (Import Result ID: '12d31b0bcea1df686c51a21f5979d237') in 0.0361075 seconds [static and dynamic dependencies]. Details - ImportResultOutputID=6ca1b56f0d36cd991ceeac7b3e767e41 DependenciesID=038d308055ebcbab05e52a9e5692dc03 StaticDependenciesID=6e0377c022c7c547a06667da7aaedb06 
Number of updated asset objects reloaded before import = 0Number of asset objects unloaded after import = 3

========================================================================
Received Import Request.
  Time since last request: 0.000046 seconds.
  path: Assets/VRTemplateAssets/Materials/Environment/Concrete_Metallic.tif
  importAddress: Guid(5d6f91bab10f9f345aa741e70bc0fd6f) Importer(2089858483,b0f066a214c2f5e87bad3c948f4d605d)
Start importing Assets/VRTemplateAssets/Materials/Environment/Concrete_Metallic.tif using Guid(5d6f91bab10f9f345aa741e70bc0fd6f) Importer(2089858483,b0f066a214c2f5e87bad3c948f4d605d) (ScriptedImporter) -> (Import Result ID: '6f7a9599531360ae2842d632bf49aa37') in 0.0316823 seconds [static and dynamic dependencies]. Details - ImportResultOutputID=4d57034703f820c1668c5d3accaa4bc9 DependenciesID=cf9a2fb6e9b2dfe1da41d31f889fbd38 StaticDependenciesID=edf137f5fc1e5ae6df2d7b99580b9e1e 
Number of updated asset objects reloaded before import = 0Number of asset objects unloaded after import = 1

========================================================================
Received Import Request.
  Time since last request: 0.000035 seconds.
  path: Assets/VRTemplateAssets/Fonts/Inter/Inter-Regular SDF Overlay Material.mat
  importAddress: Guid(c5340088affa7b6418a70a596e608408) Importer(2089858483,b0f066a214c2f5e87bad3c948f4d605d)
Start importing Assets/VRTemplateAssets/Fonts/Inter/Inter-Regular SDF Overlay Material.mat using Guid(c5340088affa7b6418a70a596e608408) Importer(2089858483,b0f066a214c2f5e87bad3c948f4d605d) (ScriptedImporter) -> (Import Result ID: '2f3be335cb6712c91d2944cef7987c14') in 0.0386977 seconds [static and dynamic dependencies]. Details - ImportResultOutputID=eff2a53655c4c34303fde298275ae72b DependenciesID=94d610492bc5d0ee936279a15af12950 StaticDependenciesID=1d35c9e6c131072d9cc3ef2592d8ea0a 
Number of updated asset objects reloaded before import = 0Number of asset objects unloaded after import = 2

========================================================================
Received Import Request.
  Time since last request: 0.000053 seconds.
  path: Assets/VRTemplateAssets/Sprites/Icons/Pause.png
  importAddress: Guid(5f4d26dedc364e74d880a7125d57119c) Importer(2089858483,b0f066a214c2f5e87bad3c948f4d605d)
Start importing Assets/VRTemplateAssets/Sprites/Icons/Pause.png using Guid(5f4d26dedc364e74d880a7125d57119c) Importer(2089858483,b0f066a214c2f5e87bad3c948f4d605d) (ScriptedImporter) -> (Import Result ID: 'b5aa0ea26c3c9abcc5e36923826898d1') in 0.0255947 seconds [static and dynamic dependencies]. Details - ImportResultOutputID=0b27d641caca917c52378496573a8cf2 DependenciesID=4eb9c3108bc97bbf4046c80f135a0608 StaticDependenciesID=e818df24c278ae6c0c705d8d31b6b612 
Number of updated asset objects reloaded before import = 0Number of asset objects unloaded after import = 3

========================================================================
Received Import Request.
  Time since last request: 0.000036 seconds.
  path: Assets/VRTemplateAssets/Materials/Environment/Grid Dark Tight.mat
  importAddress: Guid(43672be0899539340ba6ac5db322693c) Importer(2089858483,b0f066a214c2f5e87bad3c948f4d605d)
Start importing Assets/VRTemplateAssets/Materials/Environment/Grid Dark Tight.mat using Guid(43672be0899539340ba6ac5db322693c) Importer(2089858483,b0f066a214c2f5e87bad3c948f4d605d) (ScriptedImporter) -> (Import Result ID: 'f4d546191aed630d80a96e1ec781ee8c') in 0.0227917 seconds [static and dynamic dependencies]. Details - ImportResultOutputID=8146bb306185b4ad4c3fe841460fde71 DependenciesID=2f863eedae59e1739dd13bfa5cd59682 StaticDependenciesID=a0cc0bd2145453f4a19a302568701a46 
Number of updated asset objects reloaded before import = 0Number of asset objects unloaded after import = 1

========================================================================
Received Import Request.
  Time since last request: 0.000034 seconds.
  path: Assets/VRTemplateAssets/Materials/Environment/Wall Cut.mat
  importAddress: Guid(042e972c6fce7414fbab2b5248e4a0fe) Importer(2089858483,b0f066a214c2f5e87bad3c948f4d605d)
Start importing Assets/VRTemplateAssets/Materials/Environment/Wall Cut.mat using Guid(042e972c6fce7414fbab2b5248e4a0fe) Importer(2089858483,b0f066a214c2f5e87bad3c948f4d605d) (ScriptedImporter) -> (Import Result ID: '7074b1a341f5bbb094b67f51af085758') in 0.0423598 seconds [static and dynamic dependencies]. Details - ImportResultOutputID=70a8e4a930502b62ddf52774aacd0c17 DependenciesID=3765565c09c88f4267fc3cbcf5320d18 StaticDependenciesID=e3553bbe61624734570b302c36cb76db 
Number of updated asset objects reloaded before import = 0Number of asset objects unloaded after import = 5

========================================================================
Received Import Request.
  Time since last request: 0.000053 seconds.
  path: Assets/VRTemplateAssets/Sprites/Icons/Scroll Down.png
  importAddress: Guid(40f7736bf48a1d94cac651cb532e4767) Importer(2089858483,b0f066a214c2f5e87bad3c948f4d605d)
Start importing Assets/VRTemplateAssets/Sprites/Icons/Scroll Down.png using Guid(40f7736bf48a1d94cac651cb532e4767) Importer(2089858483,b0f066a214c2f5e87bad3c948f4d605d) (ScriptedImporter) -> (Import Result ID: 'c8c91728fceb0d69b11586be7a478104') in 0.0346546 seconds [static and dynamic dependencies]. Details - ImportResultOutputID=742a03c249e6ac95f1a53245faaf534d DependenciesID=463e5304e1c059e31ece287b4267458b StaticDependenciesID=21b9e6ba6a829c1f0ae4bffa6d29a725 
Number of updated asset objects reloaded before import = 0Number of asset objects unloaded after import = 3

========================================================================
Received Import Request.
  Time since last request: 0.000030 seconds.
  path: Assets/VRTemplateAssets/Materials/Environment/wall_Roughness.png
  importAddress: Guid(b1a09457a5f564242aa47053fd75497f) Importer(2089858483,b0f066a214c2f5e87bad3c948f4d605d)
Start importing Assets/VRTemplateAssets/Materials/Environment/wall_Roughness.png using Guid(b1a09457a5f564242aa47053fd75497f) Importer(2089858483,b0f066a214c2f5e87bad3c948f4d605d) (ScriptedImporter) -> (Import Result ID: '5cdd1c8e1b87b1956793c2067892e830') in 0.0300831 seconds [static and dynamic dependencies]. Details - ImportResultOutputID=d9349fb046a75d437d1970dac16ea6da DependenciesID=f28f946b5b6284b2f8da9e886d0ca4d7 StaticDependenciesID=1daaed2b5ef8aa9c6b75f2ab92c8074f 
Number of updated asset objects reloaded before import = 0Number of asset objects unloaded after import = 1

========================================================================
Received Import Request.
  Time since last request: 0.000051 seconds.
  path: Assets/VRTemplateAssets/Materials/Environment/wall_Normal.png
  importAddress: Guid(466f65e6eb97c444181b23438d7b2757) Importer(2089858483,b0f066a214c2f5e87bad3c948f4d605d)
Start importing Assets/VRTemplateAssets/Materials/Environment/wall_Normal.png using Guid(466f65e6eb97c444181b23438d7b2757) Importer(2089858483,b0f066a214c2f5e87bad3c948f4d605d) (ScriptedImporter) -> (Import Result ID: '470767a9885923ebe93d39a3882d8efe') in 0.0396317 seconds [static and dynamic dependencies]. Details - ImportResultOutputID=98c9f7fd37bb962442d1c935353e37c7 DependenciesID=e2faafbe5844d2af0f59f0490b84c366 StaticDependenciesID=6a9366a3813a4c7d00a80637c66c827e 
Number of updated asset objects reloaded before import = 0Number of asset objects unloaded after import = 1

========================================================================
Received Import Request.
  Time since last request: 0.000087 seconds.
  path: Assets/VRTemplateAssets/Sprites/UI/Circle_60x60_Vertical.png
  importAddress: Guid(83d67d78424a7e24fa4bef36e1e32541) Importer(2089858483,b0f066a214c2f5e87bad3c948f4d605d)
Start importing Assets/VRTemplateAssets/Sprites/UI/Circle_60x60_Vertical.png using Guid(83d67d78424a7e24fa4bef36e1e32541) Importer(2089858483,b0f066a214c2f5e87bad3c948f4d605d) (ScriptedImporter) -> (Import Result ID: '1d49f9359da37008648257df3f4cf8d6') in 0.032263 seconds [static and dynamic dependencies]. Details - ImportResultOutputID=754b797c1f7ce863c5b59e760e336045 DependenciesID=4b5f10181901331ed4dcccd2f09ba587 StaticDependenciesID=c2d33fd6ddf852e37caa993535dc1689 
Number of updated asset objects reloaded before import = 0Number of asset objects unloaded after import = 3

========================================================================
Received Import Request.
  Time since last request: 0.000048 seconds.
  path: Assets/VRTemplateAssets/Sprites/UI/CircleMask.png
  importAddress: Guid(79dfa83adcf72d541946168c849ba331) Importer(2089858483,b0f066a214c2f5e87bad3c948f4d605d)
Start importing Assets/VRTemplateAssets/Sprites/UI/CircleMask.png using Guid(79dfa83adcf72d541946168c849ba331) Importer(2089858483,b0f066a214c2f5e87bad3c948f4d605d) (ScriptedImporter) -> (Import Result ID: '11ba6cadeb57c1e8b6d08c5b3a851c39') in 0.0319968 seconds [static and dynamic dependencies]. Details - ImportResultOutputID=a349d6912760b38c329f3c85e48c0f11 DependenciesID=a57bd00c2b3ffe2b3de03274f0a47c17 StaticDependenciesID=36e6e6700f72b89a7cb2752df711caf3 
Number of updated asset objects reloaded before import = 0Number of asset objects unloaded after import = 3

========================================================================
Received Import Request.
  Time since last request: 0.000041 seconds.
  path: Assets/VRTemplateAssets/Sprites/UI/Circle_60x60 Outline 4.png
  importAddress: Guid(ac11a0f708f466246a121e038d4b6755) Importer(2089858483,b0f066a214c2f5e87bad3c948f4d605d)
Start importing Assets/VRTemplateAssets/Sprites/UI/Circle_60x60 Outline 4.png using Guid(ac11a0f708f466246a121e038d4b6755) Importer(2089858483,b0f066a214c2f5e87bad3c948f4d605d) (ScriptedImporter) -> (Import Result ID: '672997bfee8a191bd8099d869cd866cd') in 0.0317705 seconds [static and dynamic dependencies]. Details - ImportResultOutputID=7c19c7cab4bd21059af8bf8df7efa768 DependenciesID=8e3bd98bb0e4ba510ae785183d4d00d9 StaticDependenciesID=f5809782292651c9e7dc7ef0e56d50ac 
Number of updated asset objects reloaded before import = 0Number of asset objects unloaded after import = 3

========================================================================
Received Import Request.
  Time since last request: 0.000046 seconds.
  path: Assets/VRTemplateAssets/Sprites/UI/Joystick BG.png
  importAddress: Guid(9fe4f9eb838ecb4419917ae68007ca2d) Importer(2089858483,b0f066a214c2f5e87bad3c948f4d605d)
Start importing Assets/VRTemplateAssets/Sprites/UI/Joystick BG.png using Guid(9fe4f9eb838ecb4419917ae68007ca2d) Importer(2089858483,b0f066a214c2f5e87bad3c948f4d605d) (ScriptedImporter) -> (Import Result ID: '12d86113609187373f2e53a92059e93d') in 0.0396716 seconds [static and dynamic dependencies]. Details - ImportResultOutputID=3e880ad1652cf915ff7c88741079eef8 DependenciesID=a76f8101da79c440c55e05b419cf644b StaticDependenciesID=430a33c1c0a2af3f852a06f38fc11b98 
Number of updated asset objects reloaded before import = 0Number of asset objects unloaded after import = 3

========================================================================
Received Import Request.
  Time since last request: 0.000050 seconds.
  path: Assets/VRTemplateAssets/Prefabs/Interactables/Sphere Interactable.prefab
  importAddress: Guid(753505d367f39d04c8ef944e9491a149) Importer(2089858483,b0f066a214c2f5e87bad3c948f4d605d)
Start importing Assets/VRTemplateAssets/Prefabs/Interactables/Sphere Interactable.prefab using Guid(753505d367f39d04c8ef944e9491a149) Importer(2089858483,b0f066a214c2f5e87bad3c948f4d605d) (ScriptedImporter) -> (Import Result ID: '4e5f99c20ce26b9919a6fa310351a3f3') in 0.0959685 seconds [static and dynamic dependencies]. Details - ImportResultOutputID=e077a883a5e624a4cf77a87fcc95dfc0 DependenciesID=fd29a72ee00240fd94bc634a4acb3e80 StaticDependenciesID=44520da1560d9d52f7077fa9927d208e 
Number of updated asset objects reloaded before import = 0Number of asset objects unloaded after import = 30

========================================================================
Received Import Request.
  Time since last request: 0.000064 seconds.
  path: Assets/TextMesh Pro/Shaders/TMP_SDF-HDRP UNLIT.shadergraph
  importAddress: Guid(f63d574838ccfb44f84acc05fed0af48) Importer(2089858483,b0f066a214c2f5e87bad3c948f4d605d)
Start importing Assets/TextMesh Pro/Shaders/TMP_SDF-HDRP UNLIT.shadergraph using Guid(f63d574838ccfb44f84acc05fed0af48) Importer(2089858483,b0f066a214c2f5e87bad3c948f4d605d) (ScriptedImporter) -> (Import Result ID: '0a83b36892662f227c6f91c4df5dea10') in 0.0401513 seconds [static and dynamic dependencies]. Details - ImportResultOutputID=2fc5e45a9a94e449090819c0113dee58 DependenciesID=5d80eade8f3ba71b3349bcc94ff3941a StaticDependenciesID=76664a18f50202a4e669f6b3997590d2 
Number of updated asset objects reloaded before import = 0Number of asset objects unloaded after import = 3

========================================================================
Received Import Request.
  Time since last request: 0.000056 seconds.
  path: Assets/VRTemplateAssets/Tutorial/Images/project-header-vr.png
  importAddress: Guid(6eaf09dd6cc8a49708bf60691e32bebf) Importer(2089858483,b0f066a214c2f5e87bad3c948f4d605d)
Start importing Assets/VRTemplateAssets/Tutorial/Images/project-header-vr.png using Guid(6eaf09dd6cc8a49708bf60691e32bebf) Importer(2089858483,b0f066a214c2f5e87bad3c948f4d605d) (ScriptedImporter) -> (Import Result ID: 'faf91f835baaeefeaf48ccf2b0a02465') in 0.0347842 seconds [static and dynamic dependencies]. Details - ImportResultOutputID=6001287ece8c7c5bf7b9be96233c61c7 DependenciesID=ad00005eb2320c7a28d02c306b7bae84 StaticDependenciesID=39e4450d3ef539c437f7d199f1db91d5 
Number of updated asset objects reloaded before import = 0Number of asset objects unloaded after import = 1

========================================================================
Received Import Request.
  Time since last request: 0.000040 seconds.
  path: Assets/VRTemplateAssets/Fonts/Inter/Inter-Regular SDF Material XRay Blue.mat
  importAddress: Guid(af07a37023b9de24a8da02768ceff3df) Importer(2089858483,b0f066a214c2f5e87bad3c948f4d605d)
Start importing Assets/VRTemplateAssets/Fonts/Inter/Inter-Regular SDF Material XRay Blue.mat using Guid(af07a37023b9de24a8da02768ceff3df) Importer(2089858483,b0f066a214c2f5e87bad3c948f4d605d) (ScriptedImporter) -> (Import Result ID: 'a850c456ff9d587a7f6d4f6ea2f7f491') in 0.0394342 seconds [static and dynamic dependencies]. Details - ImportResultOutputID=00b147a32ef1719496d281c9cfd1b29f DependenciesID=dfd253cbb870972d1602778fcfe546c4 StaticDependenciesID=6309dd0f6130d672c804581866d84047 
Number of updated asset objects reloaded before import = 0Number of asset objects unloaded after import = 2

========================================================================
Received Import Request.
  Time since last request: 0.000079 seconds.
  path: Assets/VRTemplateAssets/Prefabs/Teleport/Teleport Anchor.prefab
  importAddress: Guid(c4a645c929982ea41a52b5037ee7d94d) Importer(2089858483,b0f066a214c2f5e87bad3c948f4d605d)
Start importing Assets/VRTemplateAssets/Prefabs/Teleport/Teleport Anchor.prefab using Guid(c4a645c929982ea41a52b5037ee7d94d) Importer(2089858483,b0f066a214c2f5e87bad3c948f4d605d) (ScriptedImporter) -> (Import Result ID: 'ceb9517715366cf47b062e744b9c8ae3') in 0.1009706 seconds [static and dynamic dependencies]. Details - ImportResultOutputID=6985672d4e660d36e108c4e15dcf9bd6 DependenciesID=9d2649a8065880289be1b2355dfe3a5b StaticDependenciesID=8329cd76ea1005aa9dc6bf5118e9ee14 
Number of updated asset objects reloaded before import = 0Number of asset objects unloaded after import = 61

========================================================================
Received Import Request.
  Time since last request: 0.000060 seconds.
  path: Assets/Samples/XR Hands/1.7.3/HandVisualizer/Materials/AxisMesh.asset
  importAddress: Guid(3f1527385cef24f9ab581b9e266924ba) Importer(2089858483,b0f066a214c2f5e87bad3c948f4d605d)
Start importing Assets/Samples/XR Hands/1.7.3/HandVisualizer/Materials/AxisMesh.asset using Guid(3f1527385cef24f9ab581b9e266924ba) Importer(2089858483,b0f066a214c2f5e87bad3c948f4d605d) (ScriptedImporter) -> (Import Result ID: '44088776427551885f8862e5e0ce84c3') in 0.0286257 seconds [static and dynamic dependencies]. Details - ImportResultOutputID=39ec703f266b5f359cdd8ab7793f66a3 DependenciesID=58ad787e58ea13eb522c16a01ee54a05 StaticDependenciesID=49d345e7fb9c882e497cd880d2d39647 
Number of updated asset objects reloaded before import = 0Number of asset objects unloaded after import = 1

========================================================================
Received Import Request.
  Time since last request: 0.000064 seconds.
  path: Assets/XRI/Settings/Resources/XRInteractionRuntimeSettings.asset
  importAddress: Guid(614c4369bbb1eff4384232a491c952e5) Importer(2089858483,b0f066a214c2f5e87bad3c948f4d605d)
Start importing Assets/XRI/Settings/Resources/XRInteractionRuntimeSettings.asset using Guid(614c4369bbb1eff4384232a491c952e5) Importer(2089858483,b0f066a214c2f5e87bad3c948f4d605d) (ScriptedImporter) -> (Import Result ID: 'afd367d8f2d513456f301ed377785d22') in 0.0300679 seconds [static and dynamic dependencies]. Details - ImportResultOutputID=abe1ac2ed7ba9ff6b0cecb9a980af8b2 DependenciesID=886f35c9691512dcca5d5d40436a09f6 StaticDependenciesID=b49c4cf3c7de27995fdebc6fa2d39f04 
Number of updated asset objects reloaded before import = 0Number of asset objects unloaded after import = 1

========================================================================
Received Import Request.
  Time since last request: 0.000028 seconds.
  path: Assets/Samples/XR Hands/1.7.3/HandVisualizer/Materials/HandsDefaultMaterial.mat
  importAddress: Guid(613690cd962241049a0ec289a6ff835e) Importer(2089858483,b0f066a214c2f5e87bad3c948f4d605d)
Start importing Assets/Samples/XR Hands/1.7.3/HandVisualizer/Materials/HandsDefaultMaterial.mat using Guid(613690cd962241049a0ec289a6ff835e) Importer(2089858483,b0f066a214c2f5e87bad3c948f4d605d) (ScriptedImporter) -> (Import Result ID: '691da3bce786226856d2d301bc39d83e') in 0.0223328 seconds [static and dynamic dependencies]. Details - ImportResultOutputID=8cc3a1b46886ae03cf06dc344bccac3b DependenciesID=10df62ee43b0c6104fe6750bd18a4c6f StaticDependenciesID=e48a36da4bed325820e58a8bf640c6df 
Number of updated asset objects reloaded before import = 0Number of asset objects unloaded after import = 1

========================================================================
Received Import Request.
  Time since last request: 0.000036 seconds.
  path: Assets/Samples/XR Hands/1.7.3/HandVisualizer/Materials/HighFidelity.mat
  importAddress: Guid(51af688f87bd544fc8b78681d79543a2) Importer(2089858483,b0f066a214c2f5e87bad3c948f4d605d)
Start importing Assets/Samples/XR Hands/1.7.3/HandVisualizer/Materials/HighFidelity.mat using Guid(51af688f87bd544fc8b78681d79543a2) Importer(2089858483,b0f066a214c2f5e87bad3c948f4d605d) (ScriptedImporter) -> (Import Result ID: '8de53b20df436d1eec5692e01c0d3097') in 0.0252988 seconds [static and dynamic dependencies]. Details - ImportResultOutputID=e5cdb6ef1a1ecdc5d1e026374d7e5bf4 DependenciesID=868b3f119bfec961154b1cc89969b0bf StaticDependenciesID=90f48eb8d045d1feceb99c0f9367cce2 
Number of updated asset objects reloaded before import = 0Number of asset objects unloaded after import = 3

========================================================================
Received Import Request.
  Time since last request: 0.000052 seconds.
  path: Assets/Samples/XR Hands/1.7.3/HandVisualizer/Models/RightHand.fbx
  importAddress: Guid(56186ccf27ad7864681108ed88349071) Importer(2089858483,b0f066a214c2f5e87bad3c948f4d605d)
Start importing Assets/Samples/XR Hands/1.7.3/HandVisualizer/Models/RightHand.fbx using Guid(56186ccf27ad7864681108ed88349071) Importer(2089858483,b0f066a214c2f5e87bad3c948f4d605d) (ScriptedImporter) -> (Import Result ID: 'b41b1e13a2ac6b31467acadacc6d445a') in 0.0309418 seconds [static and dynamic dependencies]. Details - ImportResultOutputID=6b763dc4e5f6bc9b80af790c0037d42c DependenciesID=56376f14eb3ac6efd250e6175723daf2 StaticDependenciesID=fed1b441d61d2ee898316665a49ca07a 
Number of updated asset objects reloaded before import = 0Number of asset objects unloaded after import = 60

========================================================================
Received Import Request.
  Time since last request: 0.000035 seconds.
  path: Assets/Samples/XR Hands/1.7.3/HandVisualizer/Models/LeftHandAndroidXR.fbx
  importAddress: Guid(7eff605df5fc69141bad762b74fb9228) Importer(2089858483,b0f066a214c2f5e87bad3c948f4d605d)
Start importing Assets/Samples/XR Hands/1.7.3/HandVisualizer/Models/LeftHandAndroidXR.fbx using Guid(7eff605df5fc69141bad762b74fb9228) Importer(2089858483,b0f066a214c2f5e87bad3c948f4d605d) (ScriptedImporter) -> (Import Result ID: '1ff31bd0b77205e2913450356fab1397') in 0.0400145 seconds [static and dynamic dependencies]. Details - ImportResultOutputID=e194047ffa3824c611ed8c146d9af83b DependenciesID=4105cb94d33ddeab277c145611465731 StaticDependenciesID=2458ea4f0d4d0b6e06ce4c8dbe80a13f 
Number of updated asset objects reloaded before import = 0Number of asset objects unloaded after import = 76

========================================================================
Received Import Request.
  Time since last request: 0.000047 seconds.
  path: Assets/Samples/XR Hands/1.7.3/HandVisualizer/Prefabs/Joint.prefab
  importAddress: Guid(254b742d65a15d14b9df756ae77de868) Importer(2089858483,b0f066a214c2f5e87bad3c948f4d605d)
Start importing Assets/Samples/XR Hands/1.7.3/HandVisualizer/Prefabs/Joint.prefab using Guid(254b742d65a15d14b9df756ae77de868) Importer(2089858483,b0f066a214c2f5e87bad3c948f4d605d) (ScriptedImporter) -> (Import Result ID: 'fc953a51c52c3abac5792201e1fd1404') in 0.0543793 seconds [static and dynamic dependencies]. Details - ImportResultOutputID=adc8c67f1c025da340d5f69ebfc0779f DependenciesID=514362b9e48be73cd7631678dde0946a StaticDependenciesID=254d84abf4fa6a681da42aa0437f988b 
Number of updated asset objects reloaded before import = 0Number of asset objects unloaded after import = 13

========================================================================
Received Import Request.
  Time since last request: 0.000051 seconds.
  path: Assets/TextMesh Pro/Shaders/TMP_SDF-Mobile SSD.shader
  importAddress: Guid(c8d12adcee749c344b8117cf7c7eb912) Importer(2089858483,b0f066a214c2f5e87bad3c948f4d605d)
Start importing Assets/TextMesh Pro/Shaders/TMP_SDF-Mobile SSD.shader using Guid(c8d12adcee749c344b8117cf7c7eb912) Importer(2089858483,b0f066a214c2f5e87bad3c948f4d605d) (ScriptedImporter) -> (Import Result ID: '89f7f6a8f57e56ce43b05c3d1780334e') in 0.0223126 seconds [static and dynamic dependencies]. Details - ImportResultOutputID=531a3d2e7f78562b1f7c304340d19286 DependenciesID=a578f7175b39fdf13d460b2e1918207e StaticDependenciesID=149e413d0571861b315a3fb4601c570f 
Number of updated asset objects reloaded before import = 0Number of asset objects unloaded after import = 1

========================================================================
Received Import Request.
  Time since last request: 0.000076 seconds.
  path: Assets/VRTemplateAssets/Sprites/UI/Round Radius 10 Top.png
  importAddress: Guid(de0113b98aad70a419960e61a7d8d6ef) Importer(2089858483,b0f066a214c2f5e87bad3c948f4d605d)
Start importing Assets/VRTemplateAssets/Sprites/UI/Round Radius 10 Top.png using Guid(de0113b98aad70a419960e61a7d8d6ef) Importer(2089858483,b0f066a214c2f5e87bad3c948f4d605d) (ScriptedImporter) -> (Import Result ID: '40a800a783bc10859777a4be8f61c54e') in 0.0416994 seconds [static and dynamic dependencies]. Details - ImportResultOutputID=53dc6e3059ffa2c407f0dfe167c07b41 DependenciesID=023e057c4425d3f5a217eac570c90bdf StaticDependenciesID=fe7beb0dc62c619f6434fc1323466825 
Number of updated asset objects reloaded before import = 0Number of asset objects unloaded after import = 3

========================================================================
Received Import Request.
  Time since last request: 0.000067 seconds.
  path: Assets/VRTemplateAssets/Tutorial/Images/1-welcome-screen-image.png
  importAddress: Guid(11e34d76fce7843be984510eca5c9139) Importer(2089858483,b0f066a214c2f5e87bad3c948f4d605d)
Start importing Assets/VRTemplateAssets/Tutorial/Images/1-welcome-screen-image.png using Guid(11e34d76fce7843be984510eca5c9139) Importer(2089858483,b0f066a214c2f5e87bad3c948f4d605d) (ScriptedImporter) -> (Import Result ID: '45d1b7c44caa6b93af82ecc57db182e0') in 0.0472413 seconds [static and dynamic dependencies]. Details - ImportResultOutputID=24561f2cc394edeb6ceca8f5c6a923b7 DependenciesID=ce53f7345f8eecd8691a5eaab54a7a1a StaticDependenciesID=03c3d4bd38031383905c1ee0102aa760 
Number of updated asset objects reloaded before import = 0Number of asset objects unloaded after import = 1

========================================================================
Received Import Request.
  Time since last request: 0.000050 seconds.
  path: Assets/Scenes/SampleScene.unity
  importAddress: Guid(55daccc09a3b69647bbab145b54a3ab3) Importer(2089858483,b0f066a214c2f5e87bad3c948f4d605d)
Start importing Assets/Scenes/SampleScene.unity using Guid(55daccc09a3b69647bbab145b54a3ab3) Importer(2089858483,b0f066a214c2f5e87bad3c948f4d605d) (ScriptedImporter) -> (Import Result ID: 'a9f3a1bab160a02abefd556bbc8657ac') in 0.0443857 seconds [static and dynamic dependencies]. Details - ImportResultOutputID=773ceadec1c6cf6c6c52d5ebe7fabbe3 DependenciesID=902f5c0c12b5e8410a1c7bea11a13703 StaticDependenciesID=67bb8b64abf25d111438291d379c235c 
Number of updated asset objects reloaded before import = 0Number of asset objects unloaded after import = 1

========================================================================
Received Import Request.
  Time since last request: 0.000027 seconds.
  path: Assets/VRTemplateAssets/Materials/Environment/wall2_Roughness.png
  importAddress: Guid(b9b0c20b387b4cb4687eee8f3a92736b) Importer(2089858483,b0f066a214c2f5e87bad3c948f4d605d)
Start importing Assets/VRTemplateAssets/Materials/Environment/wall2_Roughness.png using Guid(b9b0c20b387b4cb4687eee8f3a92736b) Importer(2089858483,b0f066a214c2f5e87bad3c948f4d605d) (ScriptedImporter) -> (Import Result ID: '7fc149b86fab41b23a2ce4de1783db2a') in 0.0352052 seconds [static and dynamic dependencies]. Details - ImportResultOutputID=44a6e3cad4738132c651ae9ced6145d7 DependenciesID=cd690ce07ed20b345d10bab2e766a476 StaticDependenciesID=433316c26e929a35b7d8503c480a0b1a 
Number of updated asset objects reloaded before import = 0Number of asset objects unloaded after import = 1

========================================================================
Received Import Request.
  Time since last request: 0.000046 seconds.
  path: Assets/Samples/XR Interaction Toolkit/3.4.1/Hands Interaction Demo/Prefabs/LeftHandQuestVisual.prefab
  importAddress: Guid(ffd656bf2a3ba3d41b1e4a94b81b7c85) Importer(2089858483,b0f066a214c2f5e87bad3c948f4d605d)
Start importing Assets/Samples/XR Interaction Toolkit/3.4.1/Hands Interaction Demo/Prefabs/LeftHandQuestVisual.prefab using Guid(ffd656bf2a3ba3d41b1e4a94b81b7c85) Importer(2089858483,b0f066a214c2f5e87bad3c948f4d605d) (ScriptedImporter) -> (Import Result ID: 'fa9e4c578ce4fd7ffa901ec949025547') in 0.0463619 seconds [static and dynamic dependencies]. Details - ImportResultOutputID=26b4be40c6604bb28dcf065274ba68c8 DependenciesID=3b34cfead048752a5209128f7a819e25 StaticDependenciesID=d37584e70bb62b19fe3ce4c309bb6e95 
Number of updated asset objects reloaded before import = 0Number of asset objects unloaded after import = 137

========================================================================
Received Import Request.
  Time since last request: 0.000059 seconds.
  path: Assets/Samples/XR Interaction Toolkit/3.4.1/Hands Interaction Demo/Prefabs/InteractionAffordance.prefab
  importAddress: Guid(9a5f820ee9c46b64294ae756b459a681) Importer(2089858483,b0f066a214c2f5e87bad3c948f4d605d)
Start importing Assets/Samples/XR Interaction Toolkit/3.4.1/Hands Interaction Demo/Prefabs/InteractionAffordance.prefab using Guid(9a5f820ee9c46b64294ae756b459a681) Importer(2089858483,b0f066a214c2f5e87bad3c948f4d605d) (ScriptedImporter) -> (Import Result ID: '0e6040ff2e215aa4fdca25eba9a0bf95') in 0.0629813 seconds [static and dynamic dependencies]. Details - ImportResultOutputID=c97d07cb09852f91838e22a9b7b1cbb0 DependenciesID=4b174e8f9999ecff13a31a5a812e7834 StaticDependenciesID=336d04ce81ae4a3622ff6d0b3a72a93c 
Number of updated asset objects reloaded before import = 0Number of asset objects unloaded after import = 19

========================================================================
Received Import Request.
  Time since last request: 0.000042 seconds.
  path: Assets/Samples/XR Interaction Toolkit/3.4.1/Hands Interaction Demo/Scripts/MetaSystemGestureDetector.cs
  importAddress: Guid(a83bc4aa48d0da648b49d0fd56690b25) Importer(2089858483,b0f066a214c2f5e87bad3c948f4d605d)
Start importing Assets/Samples/XR Interaction Toolkit/3.4.1/Hands Interaction Demo/Scripts/MetaSystemGestureDetector.cs using Guid(a83bc4aa48d0da648b49d0fd56690b25) Importer(2089858483,b0f066a214c2f5e87bad3c948f4d605d) (ScriptedImporter) -> (Import Result ID: '0984085fc90a99cf7bb96ab46862e211') in 0.0253571 seconds [static and dynamic dependencies]. Details - ImportResultOutputID=33e8e18e1d2d4c566d202b6ccb8d24cd DependenciesID=aaff49a55517165c27bb31f7b90628a5 StaticDependenciesID=3344238841677675b31118a57937b9bc 
Number of updated asset objects reloaded before import = 0Number of asset objects unloaded after import = 0

========================================================================
Received Import Request.
  Time since last request: 0.000036 seconds.
  path: Assets/VRTemplateAssets/Sprites/CoachingCards/Coaching Step 1.png
  importAddress: Guid(aa1e07d3e3ba968489f3cba3bbe76b41) Importer(2089858483,b0f066a214c2f5e87bad3c948f4d605d)
Start importing Assets/VRTemplateAssets/Sprites/CoachingCards/Coaching Step 1.png using Guid(aa1e07d3e3ba968489f3cba3bbe76b41) Importer(2089858483,b0f066a214c2f5e87bad3c948f4d605d) (ScriptedImporter) -> (Import Result ID: '50803772b7f2a68cd4c2168fc98b84ca') in 0.0370621 seconds [static and dynamic dependencies]. Details - ImportResultOutputID=a83114b9743818e20446c31280032973 DependenciesID=6ff507849630ce9f462a2b331e778828 StaticDependenciesID=56a8708c4f120c0bdbe7774831abe707 
Number of updated asset objects reloaded before import = 0Number of asset objects unloaded after import = 3

========================================================================
Received Import Request.
  Time since last request: 0.000044 seconds.
  path: Assets/Settings/Project Configuration/Performance URP Config.asset
  importAddress: Guid(fd42a132493b1f143a4963adcd530ef1) Importer(2089858483,b0f066a214c2f5e87bad3c948f4d605d)
Start importing Assets/Settings/Project Configuration/Performance URP Config.asset using Guid(fd42a132493b1f143a4963adcd530ef1) Importer(2089858483,b0f066a214c2f5e87bad3c948f4d605d) (ScriptedImporter) -> (Import Result ID: '15b26a183215d328758fd14688306f65') in 0.0521001 seconds [static and dynamic dependencies]. Details - ImportResultOutputID=a0718ac5db89d2dc2c1ada047da53add DependenciesID=125a0f860bf41da201209f30bcacefe1 StaticDependenciesID=fedc7d1a5789bc61483f34220aaf7a19 
Number of updated asset objects reloaded before import = 0Number of asset objects unloaded after import = 1

========================================================================
Received Import Request.
  Time since last request: 0.000026 seconds.
  path: Assets/Samples/XR Interaction Toolkit/3.4.1/Hands Interaction Demo/Scripts/PinchPointFollow.cs
  importAddress: Guid(8693657abb5062a40a80ba3cb86ef181) Importer(2089858483,b0f066a214c2f5e87bad3c948f4d605d)
Start importing Assets/Samples/XR Interaction Toolkit/3.4.1/Hands Interaction Demo/Scripts/PinchPointFollow.cs using Guid(8693657abb5062a40a80ba3cb86ef181) Importer(2089858483,b0f066a214c2f5e87bad3c948f4d605d) (ScriptedImporter) -> (Import Result ID: '54a0a4411b88d96bba9f48919e11cc9c') in 0.0249061 seconds [static and dynamic dependencies]. Details - ImportResultOutputID=f14ebfa488444b14ac99d3bb1304f110 DependenciesID=80c88375c1fb7f4058ba63126e048844 StaticDependenciesID=b597fb1de5cf2c1a079494d5bce9798a 
Number of updated asset objects reloaded before import = 0Number of asset objects unloaded after import = 0

========================================================================
Received Import Request.
  Time since last request: 0.000028 seconds.
  path: Assets/VRTemplateAssets/Sprites/UI/Round Radius 10 Bottom.png
  importAddress: Guid(b873120a80369e440ba03e663b63fc0e) Importer(2089858483,b0f066a214c2f5e87bad3c948f4d605d)
Start importing Assets/VRTemplateAssets/Sprites/UI/Round Radius 10 Bottom.png using Guid(b873120a80369e440ba03e663b63fc0e) Importer(2089858483,b0f066a214c2f5e87bad3c948f4d605d) (ScriptedImporter) -> (Import Result ID: '03331a16b7aad3597dab71f72492e06f') in 0.0347408 seconds [static and dynamic dependencies]. Details - ImportResultOutputID=28287959155026a41ae89f69859bf0e7 DependenciesID=4ed36340f7ff31acc6d5a47787190e22 StaticDependenciesID=7ae746eb47a5908d2e97807476498327 
Number of updated asset objects reloaded before import = 0Number of asset objects unloaded after import = 3

========================================================================
Received Import Request.
  Time since last request: 0.000050 seconds.
  path: Assets/VRTemplateAssets/Themes/ColorAffordanceTheme.asset
  importAddress: Guid(591edbd6be1a73b4fab57bd230c3efbf) Importer(2089858483,b0f066a214c2f5e87bad3c948f4d605d)
Start importing Assets/VRTemplateAssets/Themes/ColorAffordanceTheme.asset using Guid(591edbd6be1a73b4fab57bd230c3efbf) Importer(2089858483,b0f066a214c2f5e87bad3c948f4d605d) (ScriptedImporter) -> (Import Result ID: 'e6a3a95bff2293c062dd5d99abc682b4') in 0.0234321 seconds [static and dynamic dependencies]. Details - ImportResultOutputID=82b83c4a9bc48b37c28a9b6df297c14a DependenciesID=f58518c25f593e9d78b5639ce0d5e8d4 StaticDependenciesID=ff893ae5ef88ed3629c502670a34069f 
Number of updated asset objects reloaded before import = 0Number of asset objects unloaded after import = 1

========================================================================
Received Import Request.
  Time since last request: 0.000024 seconds.
  path: Assets/VRTemplateAssets/Scripts/AnchorVisuals.cs
  importAddress: Guid(b2dd7fabdb14fca498bd9e0def11ab19) Importer(2089858483,b0f066a214c2f5e87bad3c948f4d605d)
Start importing Assets/VRTemplateAssets/Scripts/AnchorVisuals.cs using Guid(b2dd7fabdb14fca498bd9e0def11ab19) Importer(2089858483,b0f066a214c2f5e87bad3c948f4d605d) (ScriptedImporter) -> (Import Result ID: 'edce344780a005fd017741f9acc47fbe') in 0.018694 seconds [static and dynamic dependencies]. Details - ImportResultOutputID=3cd49881995a0e5ec7b0223e463db462 DependenciesID=352e52c9493e2c046941e0b2f5fb0110 StaticDependenciesID=56f3e7b819035e2dff146af09f1e843d 
Number of updated asset objects reloaded before import = 0Number of asset objects unloaded after import = 0

========================================================================
Received Import Request.
  Time since last request: 0.000031 seconds.
  path: Assets/Samples/XR Interaction Toolkit/3.4.1/Starter Assets/AffordanceThemes/PokeSphereInteraction.asset
  importAddress: Guid(c2712227db89c5142adad58b143bf039) Importer(2089858483,b0f066a214c2f5e87bad3c948f4d605d)
Start importing Assets/Samples/XR Interaction Toolkit/3.4.1/Starter Assets/AffordanceThemes/PokeSphereInteraction.asset using Guid(c2712227db89c5142adad58b143bf039) Importer(2089858483,b0f066a214c2f5e87bad3c948f4d605d) (ScriptedImporter) -> (Import Result ID: 'f2b4ebceac39c9852f54e97e82759c4d') in 0.0249796 seconds [static and dynamic dependencies]. Details - ImportResultOutputID=d4bd258a6fa6a86b21114347d20dd6d0 DependenciesID=b75f354053661b7aeab0c19c677430bb StaticDependenciesID=13ad221bf3a8411a325a569995e3ac62 
Number of updated asset objects reloaded before import = 0Number of asset objects unloaded after import = 1

========================================================================
Received Import Request.
  Time since last request: 0.000049 seconds.
  path: Assets/Samples/XR Interaction Toolkit/3.4.1/Starter Assets/DemoScene/LightingData.asset
  importAddress: Guid(f09d844696f0ea0449ad0ec3c22a1b07) Importer(2089858483,b0f066a214c2f5e87bad3c948f4d605d)
Start importing Assets/Samples/XR Interaction Toolkit/3.4.1/Starter Assets/DemoScene/LightingData.asset using Guid(f09d844696f0ea0449ad0ec3c22a1b07) Importer(2089858483,b0f066a214c2f5e87bad3c948f4d605d) (ScriptedImporter) -> (Import Result ID: '8bb4ba3ee47b24ad1cf3bcb16d0a1b57') in 0.0290024 seconds [static and dynamic dependencies]. Details - ImportResultOutputID=8c907e6ae3ac22ae36b44f4e08cb5f61 DependenciesID=237faa22371ad141d491fbbfdba000fe StaticDependenciesID=cc4e4f06a9ff0236539da8184cdf3776 
Number of updated asset objects reloaded before import = 0Number of asset objects unloaded after import = 2

========================================================================
Received Import Request.
  Time since last request: 0.000032 seconds.
  path: Assets/VRTemplateAssets/Sprites/Icons/Rotate Right.png
  importAddress: Guid(1e4fbbf0f3e2efa428b2176e5a91baed) Importer(2089858483,b0f066a214c2f5e87bad3c948f4d605d)
Start importing Assets/VRTemplateAssets/Sprites/Icons/Rotate Right.png using Guid(1e4fbbf0f3e2efa428b2176e5a91baed) Importer(2089858483,b0f066a214c2f5e87bad3c948f4d605d) (ScriptedImporter) -> (Import Result ID: 'fee823540d43f9f8982d067d4d474ebe') in 0.0346029 seconds [static and dynamic dependencies]. Details - ImportResultOutputID=aa55fe848b8a5c8d4171c805343b29e9 DependenciesID=05c7cf12f4083282cdb2c0bf08f0fdab StaticDependenciesID=e137e7cdf1fd0fbbad8947d4fd572cac 
Number of updated asset objects reloaded before import = 0Number of asset objects unloaded after import = 3

========================================================================
Received Import Request.
  Time since last request: 0.000034 seconds.
  path: Assets/VRTemplateAssets/Themes/BlendShapeAffordanceTheme.asset
  importAddress: Guid(eb00da65e3eb3ec4183cff0ee667a979) Importer(2089858483,b0f066a214c2f5e87bad3c948f4d605d)
Start importing Assets/VRTemplateAssets/Themes/BlendShapeAffordanceTheme.asset using Guid(eb00da65e3eb3ec4183cff0ee667a979) Importer(2089858483,b0f066a214c2f5e87bad3c948f4d605d) (ScriptedImporter) -> (Import Result ID: '8679d1c2356c3839f3db7443a53fe1e8') in 0.0247223 seconds [static and dynamic dependencies]. Details - ImportResultOutputID=74971df0fc5b7f486e352f42fb792b6b DependenciesID=1d3874cdc5ca9e8b29542eff028c5019 StaticDependenciesID=18bfbe8bf63c9a0c69ce36302842ac86 
Number of updated asset objects reloaded before import = 0Number of asset objects unloaded after import = 1

========================================================================
Received Import Request.
  Time since last request: 0.000041 seconds.
  path: Assets/Samples/XR Interaction Toolkit/3.4.1/Starter Assets/Materials/Telport Anchor.mat
  importAddress: Guid(fd3c5d8fce991e04f9c11109dde95b3b) Importer(2089858483,b0f066a214c2f5e87bad3c948f4d605d)
Start importing Assets/Samples/XR Interaction Toolkit/3.4.1/Starter Assets/Materials/Telport Anchor.mat using Guid(fd3c5d8fce991e04f9c11109dde95b3b) Importer(2089858483,b0f066a214c2f5e87bad3c948f4d605d) (ScriptedImporter) -> (Import Result ID: '8bc67b69b28c739f53aee65e2c5b88b6') in 0.0279784 seconds [static and dynamic dependencies]. Details - ImportResultOutputID=c9f759c1f793744195031a79ced3683c DependenciesID=318961117f0dd3832f618c15ebb87056 StaticDependenciesID=f30e17a9bc7a2c09d431d31d19f6d8cb 
Number of updated asset objects reloaded before import = 0Number of asset objects unloaded after import = 2

========================================================================
Received Import Request.
  Time since last request: 0.000028 seconds.
  path: Assets/Samples/XR Interaction Toolkit/3.4.1/Hands Interaction Demo/Prefabs/HandInteractorAffordances.prefab
  importAddress: Guid(67c52e745f2766644ba16bfb165e2659) Importer(2089858483,b0f066a214c2f5e87bad3c948f4d605d)
Start importing Assets/Samples/XR Interaction Toolkit/3.4.1/Hands Interaction Demo/Prefabs/HandInteractorAffordances.prefab using Guid(67c52e745f2766644ba16bfb165e2659) Importer(2089858483,b0f066a214c2f5e87bad3c948f4d605d) (ScriptedImporter) -> (Import Result ID: '85c3b6ec2f8496f01225d8122ad557e1') in 0.0487749 seconds [static and dynamic dependencies]. Details - ImportResultOutputID=cfaf123cdee466ad5c0fcbafb49001d3 DependenciesID=632a34c7b413cf34547d43cbab8b615f StaticDependenciesID=7e806ece0747f94b943b47ef16daeff0 
Number of updated asset objects reloaded before import = 0Number of asset objects unloaded after import = 11

========================================================================
Received Import Request.
  Time since last request: 0.000037 seconds.
  path: Assets/Samples/XR Interaction Toolkit/3.4.1/Hands Interaction Demo/Shaders/Unity_Hand.shadergraph
  importAddress: Guid(bd11349dc99f3fd4083ef2f86cee9c1f) Importer(2089858483,b0f066a214c2f5e87bad3c948f4d605d)
Start importing Assets/Samples/XR Interaction Toolkit/3.4.1/Hands Interaction Demo/Shaders/Unity_Hand.shadergraph using Guid(bd11349dc99f3fd4083ef2f86cee9c1f) Importer(2089858483,b0f066a214c2f5e87bad3c948f4d605d) (ScriptedImporter) -> (Import Result ID: '9c22a129a3a1606a717ed6004060ece9') in 0.0407009 seconds [static and dynamic dependencies]. Details - ImportResultOutputID=5f69719e7129a51b2f57608124e0ca69 DependenciesID=6176378781ee935a0df489c0d93f613e StaticDependenciesID=6b650e82853260c7f5e07fddeebf2285 
Number of updated asset objects reloaded before import = 0Number of asset objects unloaded after import = 9

========================================================================
Received Import Request.
  Time since last request: 0.000057 seconds.
  path: Assets/Samples/XR Interaction Toolkit/3.4.1/Starter Assets/Models/Reticle_Torus.fbx
  importAddress: Guid(be2911572dc3afa448d24b4e97edc5f1) Importer(2089858483,b0f066a214c2f5e87bad3c948f4d605d)
Start importing Assets/Samples/XR Interaction Toolkit/3.4.1/Starter Assets/Models/Reticle_Torus.fbx using Guid(be2911572dc3afa448d24b4e97edc5f1) Importer(2089858483,b0f066a214c2f5e87bad3c948f4d605d) (ScriptedImporter) -> (Import Result ID: '616e75e41ef0f39a85f6592a5c129afe') in 0.0479926 seconds [static and dynamic dependencies]. Details - ImportResultOutputID=3f8f15749b2e03cbd4998271315f815f DependenciesID=7d733b6002f7c90cea3f094b4378b00d StaticDependenciesID=f4ad3abf6d97d38339e8786b7eebc1fc 
Number of updated asset objects reloaded before import = 0Number of asset objects unloaded after import = 9

========================================================================
Received Import Request.
  Time since last request: 0.000032 seconds.
  path: Assets/TextMesh Pro/Resources/Style Sheets/Default Style Sheet.asset
  importAddress: Guid(f952c082cb03451daed3ee968ac6c63e) Importer(2089858483,b0f066a214c2f5e87bad3c948f4d605d)
Start importing Assets/TextMesh Pro/Resources/Style Sheets/Default Style Sheet.asset using Guid(f952c082cb03451daed3ee968ac6c63e) Importer(2089858483,b0f066a214c2f5e87bad3c948f4d605d) (ScriptedImporter) -> (Import Result ID: '4c86f5b6b4015039af8085137b0dd650') in 0.0256816 seconds [static and dynamic dependencies]. Details - ImportResultOutputID=bd047159a4dc36d8dd0b72d5828d5a98 DependenciesID=634a3716c4a248653a5168da2e04d10d StaticDependenciesID=f9c9c823ae8e50cb81c5d7985ad854ad 
Number of updated asset objects reloaded before import = 0Number of asset objects unloaded after import = 1

========================================================================
Received Import Request.
  Time since last request: 0.000035 seconds.
  path: Assets/Samples/XR Interaction Toolkit/3.4.1/Starter Assets/AffordanceThemes/HighlightInteractionColor.asset
  importAddress: Guid(8b0b5aede76faac438e02d2a468f4805) Importer(2089858483,b0f066a214c2f5e87bad3c948f4d605d)
Start importing Assets/Samples/XR Interaction Toolkit/3.4.1/Starter Assets/AffordanceThemes/HighlightInteractionColor.asset using Guid(8b0b5aede76faac438e02d2a468f4805) Importer(2089858483,b0f066a214c2f5e87bad3c948f4d605d) (ScriptedImporter) -> (Import Result ID: '388bb396f934f0b66685907e6cd601cc') in 0.0273827 seconds [static and dynamic dependencies]. Details - ImportResultOutputID=1a722eb37b205720b16449df689360ba DependenciesID=7f3b657cce5b1522f4d05d408e3a05fe StaticDependenciesID=2f3bd176edf1f6e4ab323bdfd5cb91d6 
Number of updated asset objects reloaded before import = 0Number of asset objects unloaded after import = 1

========================================================================
Received Import Request.
  Time since last request: 0.000041 seconds.
  path: Assets/Samples/XR Interaction Toolkit/3.4.1/Starter Assets/Scripts/ObjectSpawner.cs
  importAddress: Guid(956dd6cf70eaca449a45b6a95b96c8c1) Importer(2089858483,b0f066a214c2f5e87bad3c948f4d605d)
Start importing Assets/Samples/XR Interaction Toolkit/3.4.1/Starter Assets/Scripts/ObjectSpawner.cs using Guid(956dd6cf70eaca449a45b6a95b96c8c1) Importer(2089858483,b0f066a214c2f5e87bad3c948f4d605d) (ScriptedImporter) -> (Import Result ID: '57f6f33428c1aa9538f72c364d1773f4') in 0.0212444 seconds [static and dynamic dependencies]. Details - ImportResultOutputID=c9cb2aa1796de057978686aaf8b765ce DependenciesID=5aa2829ef04ad91bcb35663ffd8ee5dd StaticDependenciesID=e34cb25ee4c9765d39a5090cfddee2c2 
Number of updated asset objects reloaded before import = 0Number of asset objects unloaded after import = 0

========================================================================
Received Import Request.
  Time since last request: 0.000026 seconds.
  path: Assets/Samples/XR Interaction Toolkit/3.4.1/Starter Assets/Presets/XRI Default XR UI Input Module.preset
  importAddress: Guid(2c3e7ff9ab352b74da862a5a8779b276) Importer(2089858483,b0f066a214c2f5e87bad3c948f4d605d)
Start importing Assets/Samples/XR Interaction Toolkit/3.4.1/Starter Assets/Presets/XRI Default XR UI Input Module.preset using Guid(2c3e7ff9ab352b74da862a5a8779b276) Importer(2089858483,b0f066a214c2f5e87bad3c948f4d605d) (ScriptedImporter) -> (Import Result ID: 'c3e6c285399083ecf9d287025a7a9f0f') in 0.040692 seconds [static and dynamic dependencies]. Details - ImportResultOutputID=0dc1d2acb0be055c1e1d4e3b2ea8b9f8 DependenciesID=530f666d594b89b4ea468a77c4ac1441 StaticDependenciesID=1949b3f41a1b77462e913dd6f766e76f 
Number of updated asset objects reloaded before import = 0Number of asset objects unloaded after import = 10

========================================================================
Received Import Request.
  Time since last request: 0.000070 seconds.
  path: Assets/Samples/XR Interaction Toolkit/3.4.1/Hands Interaction Demo/Shaders/Unity_Hand_HDR.shadergraph
  importAddress: Guid(0f2e4d0d30e2b93488dce2f0124a9b44) Importer(2089858483,b0f066a214c2f5e87bad3c948f4d605d)
Start importing Assets/Samples/XR Interaction Toolkit/3.4.1/Hands Interaction Demo/Shaders/Unity_Hand_HDR.shadergraph using Guid(0f2e4d0d30e2b93488dce2f0124a9b44) Importer(2089858483,b0f066a214c2f5e87bad3c948f4d605d) (ScriptedImporter) -> (Import Result ID: 'c428b301c5f3cbcbe7b25c437779fe30') in 0.0512535 seconds [static and dynamic dependencies]. Details - ImportResultOutputID=a452d26a896767288bed882cbc498f53 DependenciesID=74ced48e4c42bd19519e2bb1deb3474e StaticDependenciesID=fd2f5a26a4fc4cec612af0d14fefabe4 
Number of updated asset objects reloaded before import = 0Number of asset objects unloaded after import = 9

========================================================================
Received Import Request.
  Time since last request: 0.000061 seconds.
  path: Assets/Samples/XR Interaction Toolkit/3.4.1/Hands Interaction Demo/Prefabs/RightHandQuestVisual.prefab
  importAddress: Guid(89e80c47615e4f043926d66492d3ca5f) Importer(2089858483,b0f066a214c2f5e87bad3c948f4d605d)
Start importing Assets/Samples/XR Interaction Toolkit/3.4.1/Hands Interaction Demo/Prefabs/RightHandQuestVisual.prefab using Guid(89e80c47615e4f043926d66492d3ca5f) Importer(2089858483,b0f066a214c2f5e87bad3c948f4d605d) (ScriptedImporter) -> (Import Result ID: 'd3e69afcba72adf8d4815dcb2c103e1e') in 0.038929 seconds [static and dynamic dependencies]. Details - ImportResultOutputID=4fc96360c6ee77a2b309d2f40627f3ed DependenciesID=eba399dcf8b7b85ff19cc44e4e3fd112 StaticDependenciesID=cce968d9115591a7d997610114a2d6cd 
Number of updated asset objects reloaded before import = 0Number of asset objects unloaded after import = 137

========================================================================
Received Import Request.
  Time since last request: 0.000035 seconds.
  path: Assets/Samples/XR Interaction Toolkit/3.4.1/Starter Assets/Textures/DefaultMaterial_AO.png
  importAddress: Guid(85e675893a909864d9c237e20202651b) Importer(2089858483,b0f066a214c2f5e87bad3c948f4d605d)
Start importing Assets/Samples/XR Interaction Toolkit/3.4.1/Starter Assets/Textures/DefaultMaterial_AO.png using Guid(85e675893a909864d9c237e20202651b) Importer(2089858483,b0f066a214c2f5e87bad3c948f4d605d) (ScriptedImporter) -> (Import Result ID: 'cccb2b4f49cc138eb8f6cd73e3f2991a') in 0.0360899 seconds [static and dynamic dependencies]. Details - ImportResultOutputID=1241d29da2ae9622b38ae409da828f46 DependenciesID=145931ab968c12ffbd7f58347661d784 StaticDependenciesID=d57cccdd0777cf86c78a5d3001082d91 
Number of updated asset objects reloaded before import = 0Number of asset objects unloaded after import = 1

========================================================================
Received Import Request.
  Time since last request: 0.000035 seconds.
  path: Assets/Samples/XR Interaction Toolkit/3.4.1/Starter Assets/Scripts/XRPokeFollowAffordance.cs
  importAddress: Guid(07b3638c2f5db5b479ff24c2859713d4) Importer(2089858483,b0f066a214c2f5e87bad3c948f4d605d)
Start importing Assets/Samples/XR Interaction Toolkit/3.4.1/Starter Assets/Scripts/XRPokeFollowAffordance.cs using Guid(07b3638c2f5db5b479ff24c2859713d4) Importer(2089858483,b0f066a214c2f5e87bad3c948f4d605d) (ScriptedImporter) -> (Import Result ID: 'e3e3de40511497a136a433ea25adddf8') in 0.0265747 seconds [static and dynamic dependencies]. Details - ImportResultOutputID=3a3a3ebe29f78273ffd5048c5c1ecb14 DependenciesID=8471575c58369888c598d1e44e9ffddb StaticDependenciesID=79fc206158a5ac228cb9f7de82aff878 
Number of updated asset objects reloaded before import = 0Number of asset objects unloaded after import = 0

========================================================================
Received Import Request.
  Time since last request: 0.000052 seconds.
  path: Assets/Samples/XR Interaction Toolkit/3.4.1/Starter Assets/TunnelingVignette/TunnelingVignetteHemisphere.fbx
  importAddress: Guid(5833e680dc0f7ae47aec6b4286570484) Importer(2089858483,b0f066a214c2f5e87bad3c948f4d605d)
Start importing Assets/Samples/XR Interaction Toolkit/3.4.1/Starter Assets/TunnelingVignette/TunnelingVignetteHemisphere.fbx using Guid(5833e680dc0f7ae47aec6b4286570484) Importer(2089858483,b0f066a214c2f5e87bad3c948f4d605d) (ScriptedImporter) -> (Import Result ID: '580848a9a9ea9ee90680ac88b01148c2') in 0.0378907 seconds [static and dynamic dependencies]. Details - ImportResultOutputID=ee53e1f042a265bd0ed8230664115daa DependenciesID=7a556469ee055eef6c741727dd58a5fd StaticDependenciesID=0cd1c7d7edec3f2ffe51a7d65afc59fa 
Number of updated asset objects reloaded before import = 0Number of asset objects unloaded after import = 7

========================================================================
Received Import Request.
  Time since last request: 0.000029 seconds.
  path: Assets/Samples/XR Interaction Toolkit/3.4.1/Hands Interaction Demo/DemoAssets/Materials/AccentButton.mat
  importAddress: Guid(53c16fb5d5c516b40a1f6a8fc34132f3) Importer(2089858483,b0f066a214c2f5e87bad3c948f4d605d)
Start importing Assets/Samples/XR Interaction Toolkit/3.4.1/Hands Interaction Demo/DemoAssets/Materials/AccentButton.mat using Guid(53c16fb5d5c516b40a1f6a8fc34132f3) Importer(2089858483,b0f066a214c2f5e87bad3c948f4d605d) (ScriptedImporter) -> (Import Result ID: 'ea14e73492c4543bc562e330c0d1d2d0') in 0.0257506 seconds [static and dynamic dependencies]. Details - ImportResultOutputID=c5906f168f1f329180f2cb73875e8bb4 DependenciesID=b08725c859a2a302111bbb650b56c2eb StaticDependenciesID=73b7ee9203fcb7cfb46d160cf5e083c9 
Number of updated asset objects reloaded before import = 0Number of asset objects unloaded after import = 2

========================================================================
Received Import Request.
  Time since last request: 0.000060 seconds.
  path: Assets/Samples/XR Interaction Toolkit/3.4.1/Hands Interaction Demo/DemoAssets/Affordances/LargeScale.asset
  importAddress: Guid(d47a7e28eb1851943b2b99ded7acba3b) Importer(2089858483,b0f066a214c2f5e87bad3c948f4d605d)
Start importing Assets/Samples/XR Interaction Toolkit/3.4.1/Hands Interaction Demo/DemoAssets/Affordances/LargeScale.asset using Guid(d47a7e28eb1851943b2b99ded7acba3b) Importer(2089858483,b0f066a214c2f5e87bad3c948f4d605d) (ScriptedImporter) -> (Import Result ID: '6190e49850e226264849fb3c96763a87') in 0.0240498 seconds [static and dynamic dependencies]. Details - ImportResultOutputID=e5ef86080cdeedc6269c35ed552f520a DependenciesID=cb24c39c5d7e20a112a1a0b97ecd0438 StaticDependenciesID=540a8b4ad80d90008a609b276549443f 
Number of updated asset objects reloaded before import = 0Number of asset objects unloaded after import = 1

========================================================================
Received Import Request.
  Time since last request: 0.000045 seconds.
  path: Assets/Samples/XR Interaction Toolkit/3.4.1/Starter Assets/Models/Primitive_Cylinder.fbx
  importAddress: Guid(9e1dc1c14313460d872de39e35129b39) Importer(2089858483,b0f066a214c2f5e87bad3c948f4d605d)
Start importing Assets/Samples/XR Interaction Toolkit/3.4.1/Starter Assets/Models/Primitive_Cylinder.fbx using Guid(9e1dc1c14313460d872de39e35129b39) Importer(2089858483,b0f066a214c2f5e87bad3c948f4d605d) (ScriptedImporter) -> (Import Result ID: '63378c980f9e835da149b8586bbba4a8') in 0.0414014 seconds [static and dynamic dependencies]. Details - ImportResultOutputID=ec31bf156f304cc9d358efe0551b4b24 DependenciesID=25b50b307b0d8fb5a2e677b42a948343 StaticDependenciesID=9681d042b0a0c9d7952135184eb42a9a 
Number of updated asset objects reloaded before import = 0Number of asset objects unloaded after import = 9

========================================================================
Received Import Request.
  Time since last request: 0.000032 seconds.
  path: Assets/Samples/XR Interaction Toolkit/3.4.1/Hands Interaction Demo/DemoAssets/Models/VirtualTabletop.fbx
  importAddress: Guid(365907f61b8b39a48aab9aacd4588f45) Importer(2089858483,b0f066a214c2f5e87bad3c948f4d605d)
Start importing Assets/Samples/XR Interaction Toolkit/3.4.1/Hands Interaction Demo/DemoAssets/Models/VirtualTabletop.fbx using Guid(365907f61b8b39a48aab9aacd4588f45) Importer(2089858483,b0f066a214c2f5e87bad3c948f4d605d) (ScriptedImporter) -> (Import Result ID: '34006b29f3afdb84560aa3587bb9a107') in 0.0433927 seconds [static and dynamic dependencies]. Details - ImportResultOutputID=e44e0d44685c1053950d39e2c10946d9 DependenciesID=c4ddbe6f4c55ff12de624bdcc9cad46f StaticDependenciesID=f07370926be5b8326cac5aa16d492cf6 
Number of updated asset objects reloaded before import = 0Number of asset objects unloaded after import = 8

========================================================================
Received Import Request.
  Time since last request: 0.000029 seconds.
  path: Assets/Samples/XR Interaction Toolkit/3.4.1/Hands Interaction Demo/DemoAssets/Prefabs/PawnController.prefab
  importAddress: Guid(a5f97d75a3184ad46aef39618607e083) Importer(2089858483,b0f066a214c2f5e87bad3c948f4d605d)
Start importing Assets/Samples/XR Interaction Toolkit/3.4.1/Hands Interaction Demo/DemoAssets/Prefabs/PawnController.prefab using Guid(a5f97d75a3184ad46aef39618607e083) Importer(2089858483,b0f066a214c2f5e87bad3c948f4d605d) (ScriptedImporter) -> (Import Result ID: '82fdf13761b662bffa930f32781a1a3b') in 0.0568729 seconds [static and dynamic dependencies]. Details - ImportResultOutputID=e602b607783bdf95e330c0618934878a DependenciesID=f1f86910a34672b2d23f0e1fd9a70a0a StaticDependenciesID=ccc6267a85fd5c2961aba4e55a098fe3 
Number of updated asset objects reloaded before import = 0Number of asset objects unloaded after import = 29

========================================================================
Received Import Request.
  Time since last request: 0.000066 seconds.
  path: Assets/Samples/XR Interaction Toolkit/3.4.1/Starter Assets/Presets/XRI Default Snap Turn.preset
  importAddress: Guid(5d3a60dbf2f04694f9060712df89debb) Importer(2089858483,b0f066a214c2f5e87bad3c948f4d605d)
Start importing Assets/Samples/XR Interaction Toolkit/3.4.1/Starter Assets/Presets/XRI Default Snap Turn.preset using Guid(5d3a60dbf2f04694f9060712df89debb) Importer(2089858483,b0f066a214c2f5e87bad3c948f4d605d) (ScriptedImporter) -> (Import Result ID: '80308ac82560a197dd2d63b59c695d56') in 0.0236095 seconds [static and dynamic dependencies]. Details - ImportResultOutputID=39a780ba41216854865923071fdc26a9 DependenciesID=06ee29c6bb28484809657815da091556 StaticDependenciesID=e62e7d0b0be5ab861ae590933fe89d83 
Number of updated asset objects reloaded before import = 0Number of asset objects unloaded after import = 4

========================================================================
Received Import Request.
  Time since last request: 0.000028 seconds.
  path: Assets/Samples/XR Interaction Toolkit/3.4.1/Hands Interaction Demo/Shaders/Subgraphs/AllFingerHighlights.shadersubgraph
  importAddress: Guid(31b878b1ba6f0f548bacb4ee6ae992e9) Importer(2089858483,b0f066a214c2f5e87bad3c948f4d605d)
Start importing Assets/Samples/XR Interaction Toolkit/3.4.1/Hands Interaction Demo/Shaders/Subgraphs/AllFingerHighlights.shadersubgraph using Guid(31b878b1ba6f0f548bacb4ee6ae992e9) Importer(2089858483,b0f066a214c2f5e87bad3c948f4d605d) (ScriptedImporter) -> (Import Result ID: '886cde5b7ae4b33ce11c7a07e5f385c1') in 0.0324298 seconds [static and dynamic dependencies]. Details - ImportResultOutputID=b2b5af5320f27039918fd02d940ce470 DependenciesID=95a638edd0ea948205a6c4c70baafd88 StaticDependenciesID=77b779ae3f950957365bf20c42fe1fb1 
Number of updated asset objects reloaded before import = 0Number of asset objects unloaded after import = 1

========================================================================
Received Import Request.
  Time since last request: 0.000041 seconds.
  path: Assets/Samples/XR Interaction Toolkit/3.4.1/Hands Interaction Demo/DemoAssets/Prefabs/SimpleSocketShape.prefab
  importAddress: Guid(d81193b4b57486b46b4762e8b26d2de8) Importer(2089858483,b0f066a214c2f5e87bad3c948f4d605d)
Start importing Assets/Samples/XR Interaction Toolkit/3.4.1/Hands Interaction Demo/DemoAssets/Prefabs/SimpleSocketShape.prefab using Guid(d81193b4b57486b46b4762e8b26d2de8) Importer(2089858483,b0f066a214c2f5e87bad3c948f4d605d) (ScriptedImporter) -> (Import Result ID: 'feaec4896bc5727f929c58d1a62e9fb3') in 0.0361193 seconds [static and dynamic dependencies]. Details - ImportResultOutputID=aed315d80c0d8b300d94e4a12e0454cb DependenciesID=b46bd7b8063cc924271a9e9f5b672a07 StaticDependenciesID=604f536e3fe6fb425460fb5101dc4e83 
Number of updated asset objects reloaded before import = 0Number of asset objects unloaded after import = 32

========================================================================
Received Import Request.
  Time since last request: 0.000074 seconds.
  path: Assets/Samples/XR Interaction Toolkit/3.4.1/Hands Interaction Demo/DemoAssets/Prefabs/PokeButton.prefab
  importAddress: Guid(d661f645c81f29b4aa596207971ae441) Importer(2089858483,b0f066a214c2f5e87bad3c948f4d605d)
Start importing Assets/Samples/XR Interaction Toolkit/3.4.1/Hands Interaction Demo/DemoAssets/Prefabs/PokeButton.prefab using Guid(d661f645c81f29b4aa596207971ae441) Importer(2089858483,b0f066a214c2f5e87bad3c948f4d605d) (ScriptedImporter) -> (Import Result ID: '573e6e8fd8b283f3d2a3f52959c586d0') in 0.0668734 seconds [static and dynamic dependencies]. Details - ImportResultOutputID=29618f92e64bdb1bcb5fc0e4f51723b5 DependenciesID=0d3c0bbf6a3ed2da8c6c98eedbd63fd6 StaticDependenciesID=e8b4c4bfbd0886f6e6d17a34d923cddd 
Number of updated asset objects reloaded before import = 0Number of asset objects unloaded after import = 46

========================================================================
Received Import Request.
  Time since last request: 0.000029 seconds.
  path: Assets/Samples/XR Interaction Toolkit/3.4.1/Hands Interaction Demo/DatumPresets/Menu Controller Follow Preset.asset
  importAddress: Guid(2899508b1645c5e4fa421b4217da9539) Importer(2089858483,b0f066a214c2f5e87bad3c948f4d605d)
Start importing Assets/Samples/XR Interaction Toolkit/3.4.1/Hands Interaction Demo/DatumPresets/Menu Controller Follow Preset.asset using Guid(2899508b1645c5e4fa421b4217da9539) Importer(2089858483,b0f066a214c2f5e87bad3c948f4d605d) (ScriptedImporter) -> (Import Result ID: '95bf89b2541bf3b8742fa58e16de24cc') in 0.0241387 seconds [static and dynamic dependencies]. Details - ImportResultOutputID=91de053f22155c6a312ac9ed98398f0b DependenciesID=789aac5ca8aedd1edb97abd79d0373e2 StaticDependenciesID=36eb7af843ba0db1ea6534ceaa9f2f14 
Number of updated asset objects reloaded before import = 0Number of asset objects unloaded after import = 1

========================================================================
Received Import Request.
  Time since last request: 0.000037 seconds.
  path: Assets/Samples/XR Interaction Toolkit/3.4.1/Starter Assets/DemoAssets/Models/Primitive_Torus_Cut.fbx
  importAddress: Guid(46c1c422ff6897f49a404b012dc924d3) Importer(2089858483,b0f066a214c2f5e87bad3c948f4d605d)
Start importing Assets/Samples/XR Interaction Toolkit/3.4.1/Starter Assets/DemoAssets/Models/Primitive_Torus_Cut.fbx using Guid(46c1c422ff6897f49a404b012dc924d3) Importer(2089858483,b0f066a214c2f5e87bad3c948f4d605d) (ScriptedImporter) -> (Import Result ID: '9907c78bb25111fff7cda9097b691611') in 0.0364075 seconds [static and dynamic dependencies]. Details - ImportResultOutputID=bf63f264f6a4f30d6405e9f152a1aa48 DependenciesID=db164e12d4453ccb04627cf34a1a9c3a StaticDependenciesID=bbde9b7aa914202d33f7d391d0a58c64 
Number of updated asset objects reloaded before import = 0Number of asset objects unloaded after import = 9

========================================================================
Received Import Request.
  Time since last request: 0.000087 seconds.
  path: Assets/Samples/XR Interaction Toolkit/3.4.1/Starter Assets/DemoAssets/AffordanceThemes/InteractionColor.asset
  importAddress: Guid(3ec238cb3e80e274c844d7b56f585392) Importer(2089858483,b0f066a214c2f5e87bad3c948f4d605d)
Start importing Assets/Samples/XR Interaction Toolkit/3.4.1/Starter Assets/DemoAssets/AffordanceThemes/InteractionColor.asset using Guid(3ec238cb3e80e274c844d7b56f585392) Importer(2089858483,b0f066a214c2f5e87bad3c948f4d605d) (ScriptedImporter) -> (Import Result ID: '295c0fd6302c6f7e52928c6e271eaa46') in 0.0216763 seconds [static and dynamic dependencies]. Details - ImportResultOutputID=97c70de907e8ee30a53270becc45eaeb DependenciesID=0afcdb3b5e7f38547cfa531128760737 StaticDependenciesID=026457b4b07b5cd438099acbc4b57fde 
Number of updated asset objects reloaded before import = 0Number of asset objects unloaded after import = 1

========================================================================
Received Import Request.
  Time since last request: 0.000023 seconds.
  path: Assets/Samples/XR Interaction Toolkit/3.4.1/Starter Assets/DemoAssets/Models/PushButton.fbx
  importAddress: Guid(7ab6f3b0fd1a6ba41b2a47766c16613f) Importer(2089858483,b0f066a214c2f5e87bad3c948f4d605d)
Start importing Assets/Samples/XR Interaction Toolkit/3.4.1/Starter Assets/DemoAssets/Models/PushButton.fbx using Guid(7ab6f3b0fd1a6ba41b2a47766c16613f) Importer(2089858483,b0f066a214c2f5e87bad3c948f4d605d) (ScriptedImporter) -> (Import Result ID: 'f24ece6ef353a6058f31766292cf1332') in 0.0403073 seconds [static and dynamic dependencies]. Details - ImportResultOutputID=6ea18e358014fd4d033cee4e4f7420f2 DependenciesID=54940e04e0bee2e9d69d21a5b3219158 StaticDependenciesID=1055fbc041265f5b3e57c7a0e369d60d 
Number of updated asset objects reloaded before import = 0Number of asset objects unloaded after import = 18

========================================================================
Received Import Request.
  Time since last request: 0.000037 seconds.
  path: Assets/Samples/XR Interaction Toolkit/3.4.1/Starter Assets/DemoAssets/Prefabs/UI Sample.prefab
  importAddress: Guid(fd28f23af44f73f4a95e33435872ad15) Importer(2089858483,b0f066a214c2f5e87bad3c948f4d605d)
Start importing Assets/Samples/XR Interaction Toolkit/3.4.1/Starter Assets/DemoAssets/Prefabs/UI Sample.prefab using Guid(fd28f23af44f73f4a95e33435872ad15) Importer(2089858483,b0f066a214c2f5e87bad3c948f4d605d) (ScriptedImporter) -> (Import Result ID: '79cb8afa85884bf9509ad2c2563f54de') in 0.0905718 seconds [static and dynamic dependencies]. Details - ImportResultOutputID=85721352c02f570aec36cce5e5f042a8 DependenciesID=b569295e308286de940b23c88d81b589 StaticDependenciesID=1f52347944b0de9dad0235a5efeee07d 
Number of updated asset objects reloaded before import = 0Number of asset objects unloaded after import = 317

========================================================================
Received Import Request.
  Time since last request: 0.000065 seconds.
  path: Assets/Samples/XR Interaction Toolkit/3.4.1/Starter Assets/DemoAssets/Settings/TeleportDestinationSettings.asset
  importAddress: Guid(8d66c9762e1587643a1164368c8a2c58) Importer(2089858483,b0f066a214c2f5e87bad3c948f4d605d)
Start importing Assets/Samples/XR Interaction Toolkit/3.4.1/Starter Assets/DemoAssets/Settings/TeleportDestinationSettings.asset using Guid(8d66c9762e1587643a1164368c8a2c58) Importer(2089858483,b0f066a214c2f5e87bad3c948f4d605d) (ScriptedImporter) -> (Import Result ID: '360af1caad54431ed6b467e5a4807a7d') in 0.026441 seconds [static and dynamic dependencies]. Details - ImportResultOutputID=b761664031751f9245d2d92f8e5a8447 DependenciesID=234d5e95c0a26cc711df048cd95b690b StaticDependenciesID=3cccf47922b2d5ee1b2d8396003fc518 
Number of updated asset objects reloaded before import = 0Number of asset objects unloaded after import = 2

========================================================================
Received Import Request.
  Time since last request: 0.000050 seconds.
  path: Assets/Samples/XR Interaction Toolkit/3.4.1/Starter Assets/AffordanceThemes/HighlightStrengthInteraction.asset
  importAddress: Guid(795305341a8dbbd46ae54e9a01d6ea95) Importer(2089858483,b0f066a214c2f5e87bad3c948f4d605d)
Start importing Assets/Samples/XR Interaction Toolkit/3.4.1/Starter Assets/AffordanceThemes/HighlightStrengthInteraction.asset using Guid(795305341a8dbbd46ae54e9a01d6ea95) Importer(2089858483,b0f066a214c2f5e87bad3c948f4d605d) (ScriptedImporter) -> (Import Result ID: 'ba59546439a5526fa830ff26c9fd9502') in 0.0185133 seconds [static and dynamic dependencies]. Details - ImportResultOutputID=5a69a5f5aff51f94e745d10a589f3a97 DependenciesID=4ff5982f3d5e8547f42ee4bb440ab378 StaticDependenciesID=f6ecb758552b988b6f56fe68bf16db0c 
Number of updated asset objects reloaded before import = 0Number of asset objects unloaded after import = 1

========================================================================
Received Import Request.
  Time since last request: 0.000041 seconds.
  path: Assets/Samples/XR Interaction Toolkit/3.4.1/Hands Interaction Demo/DemoAssets/Prefabs/AudioAffordance.prefab
  importAddress: Guid(1c54cdd9a14d96049a8d37d422bd0e17) Importer(2089858483,b0f066a214c2f5e87bad3c948f4d605d)
Start importing Assets/Samples/XR Interaction Toolkit/3.4.1/Hands Interaction Demo/DemoAssets/Prefabs/AudioAffordance.prefab using Guid(1c54cdd9a14d96049a8d37d422bd0e17) Importer(2089858483,b0f066a214c2f5e87bad3c948f4d605d) (ScriptedImporter) -> (Import Result ID: 'f642f0778b500668d0cc6e019aa664b2') in 0.0455507 seconds [static and dynamic dependencies]. Details - ImportResultOutputID=d82f352fbde80fc030acf026330d9fce DependenciesID=80cd2bb46f681bb1758dbcf50e94f391 StaticDependenciesID=f580a7d0040a4b7e9e0f32b2cd74ac5f 
Number of updated asset objects reloaded before import = 0Number of asset objects unloaded after import = 9

========================================================================
Received Import Request.
  Time since last request: 0.000065 seconds.
  path: Assets/Samples/XR Interaction Toolkit/3.4.1/Starter Assets/DemoAssets/Sprites/Circle_60x60 Outline 4.png
  importAddress: Guid(2f8349570a152884fb6cf7ebdc8c18b3) Importer(2089858483,b0f066a214c2f5e87bad3c948f4d605d)
Start importing Assets/Samples/XR Interaction Toolkit/3.4.1/Starter Assets/DemoAssets/Sprites/Circle_60x60 Outline 4.png using Guid(2f8349570a152884fb6cf7ebdc8c18b3) Importer(2089858483,b0f066a214c2f5e87bad3c948f4d605d) (ScriptedImporter) -> (Import Result ID: 'd3d6ce9ab74ecbf2f0be7d76d0157665') in 0.0281512 seconds [static and dynamic dependencies]. Details - ImportResultOutputID=3e8f4ab28b106cd9a914816d0a43bc44 DependenciesID=63dcaee46a956871777300e600f21bb2 StaticDependenciesID=0edede87642aa2383174b11d1be4874f 
Number of updated asset objects reloaded before import = 0Number of asset objects unloaded after import = 3

========================================================================
Received Import Request.
  Time since last request: 0.000043 seconds.
  path: Assets/Samples/XR Interaction Toolkit/3.4.1/Starter Assets/DemoAssets/Textures/Concrete_Metallic.tif
  importAddress: Guid(f3fb518ec70eb4047b1c6ec34933fbce) Importer(2089858483,b0f066a214c2f5e87bad3c948f4d605d)
Start importing Assets/Samples/XR Interaction Toolkit/3.4.1/Starter Assets/DemoAssets/Textures/Concrete_Metallic.tif using Guid(f3fb518ec70eb4047b1c6ec34933fbce) Importer(2089858483,b0f066a214c2f5e87bad3c948f4d605d) (ScriptedImporter) -> (Import Result ID: '87241c8c27ae419fa6386d15947e2210') in 0.0297222 seconds [static and dynamic dependencies]. Details - ImportResultOutputID=185cd7d69efb15307b4b3a57afae4b18 DependenciesID=24d7f1bedba296eb9104e4af61b90634 StaticDependenciesID=e7e39b0c44e978e60736e082e6275f4b 
Number of updated asset objects reloaded before import = 0Number of asset objects unloaded after import = 1

========================================================================
Received Import Request.
  Time since last request: 0.000042 seconds.
  path: Assets/Samples/XR Interaction Toolkit/3.4.1/Starter Assets/DemoAssets/Sprites/Circle_60x60_Horizontal.png
  importAddress: Guid(e45f8f823c093d941855bb23b53b9414) Importer(2089858483,b0f066a214c2f5e87bad3c948f4d605d)
Start importing Assets/Samples/XR Interaction Toolkit/3.4.1/Starter Assets/DemoAssets/Sprites/Circle_60x60_Horizontal.png using Guid(e45f8f823c093d941855bb23b53b9414) Importer(2089858483,b0f066a214c2f5e87bad3c948f4d605d) (ScriptedImporter) -> (Import Result ID: 'df7aa3594925f37b10ebf320bda0a572') in 0.0282348 seconds [static and dynamic dependencies]. Details - ImportResultOutputID=6897d4db05227dac93effc51dcbfb80c DependenciesID=58025e9b040bf790af64cd11a0f00366 StaticDependenciesID=da9e22843aafa91fc1025f13b44455e8 
Number of updated asset objects reloaded before import = 0Number of asset objects unloaded after import = 3

========================================================================
Received Import Request.
  Time since last request: 0.000041 seconds.
  path: Assets/Samples/XR Interaction Toolkit/3.4.1/Starter Assets/Prefabs/Teleport/Blocking Teleport Reticle.prefab
  importAddress: Guid(a3fde713df4d99042a0403c4be9eea32) Importer(2089858483,b0f066a214c2f5e87bad3c948f4d605d)
Start importing Assets/Samples/XR Interaction Toolkit/3.4.1/Starter Assets/Prefabs/Teleport/Blocking Teleport Reticle.prefab using Guid(a3fde713df4d99042a0403c4be9eea32) Importer(2089858483,b0f066a214c2f5e87bad3c948f4d605d) (ScriptedImporter) -> (Import Result ID: '3b565e46950be7414029044b2c238e80') in 0.0238946 seconds [static and dynamic dependencies]. Details - ImportResultOutputID=33a2ca64d22006cab9b4950dbfd4cedf DependenciesID=8517d781e1ca1aa8e85ef91c9a5a1f6c StaticDependenciesID=fbf52b0a4b52322a570989b4759d859a 
Number of updated asset objects reloaded before import = 0Number of asset objects unloaded after import = 17

========================================================================
Received Import Request.
  Time since last request: 0.000031 seconds.
  path: Assets/Samples/XR Interaction Toolkit/3.4.1/Hands Interaction Demo/DemoAssets/Models/Chess/Chess_Board.fbx
  importAddress: Guid(714a27c3372b8074d8370e2bc0cecf56) Importer(2089858483,b0f066a214c2f5e87bad3c948f4d605d)
Start importing Assets/Samples/XR Interaction Toolkit/3.4.1/Hands Interaction Demo/DemoAssets/Models/Chess/Chess_Board.fbx using Guid(714a27c3372b8074d8370e2bc0cecf56) Importer(2089858483,b0f066a214c2f5e87bad3c948f4d605d) (ScriptedImporter) -> (Import Result ID: '005279952c31177335c910d320877377') in 0.1767829 seconds [static and dynamic dependencies]. Details - ImportResultOutputID=96b05a9a93fb742e33ecbadea66cfc20 DependenciesID=4f8bc19e180bd6907aff533443366dd6 StaticDependenciesID=0bba5ff17c522ffa2cb0aa1e50e823f9 
Number of updated asset objects reloaded before import = 0Number of asset objects unloaded after import = 326

========================================================================
Received Import Request.
  Time since last request: 0.000035 seconds.
  path: Assets/Samples/XR Interaction Toolkit/3.4.1/Starter Assets/Prefabs/Interactors/Ray Interactor.prefab
  importAddress: Guid(ad818c36731146e994540a1896ad8f24) Importer(2089858483,b0f066a214c2f5e87bad3c948f4d605d)
Start importing Assets/Samples/XR Interaction Toolkit/3.4.1/Starter Assets/Prefabs/Interactors/Ray Interactor.prefab using Guid(ad818c36731146e994540a1896ad8f24) Importer(2089858483,b0f066a214c2f5e87bad3c948f4d605d) (ScriptedImporter) -> (Import Result ID: '6b573126e930d0963892d9df27504085') in 0.5022779 seconds [static and dynamic dependencies]. Details - ImportResultOutputID=8f8127e9b068b57ec8a4fc52e9f3218d DependenciesID=6ebd9e014d72540063a4402a4aac4b2c StaticDependenciesID=71b988e1384548194f808207b01036e2 
Number of updated asset objects reloaded before import = 0Number of asset objects unloaded after import = 10

========================================================================
Received Import Request.
  Time since last request: 0.000080 seconds.
  path: Assets/Samples/XR Interaction Toolkit/3.4.1/Starter Assets/DemoAssets/Prefabs/Climb/Climbing Wall.prefab
  importAddress: Guid(a0ea40bd139aedc43b0e8374d6139437) Importer(2089858483,b0f066a214c2f5e87bad3c948f4d605d)
Start importing Assets/Samples/XR Interaction Toolkit/3.4.1/Starter Assets/DemoAssets/Prefabs/Climb/Climbing Wall.prefab using Guid(a0ea40bd139aedc43b0e8374d6139437) Importer(2089858483,b0f066a214c2f5e87bad3c948f4d605d) (ScriptedImporter) -> (Import Result ID: 'ded51a959ec88eca2c1cca86acab914f') in 0.0393792 seconds [static and dynamic dependencies]. Details - ImportResultOutputID=ce0a13457bc06bc908eae25f188e6e99 DependenciesID=d16603b93e3a144d39b5ffb098d85bc1 StaticDependenciesID=a5385d83394751ca8f2203d391333a40 
Number of updated asset objects reloaded before import = 0Number of asset objects unloaded after import = 345

========================================================================
Received Import Request.
  Time since last request: 0.000028 seconds.
  path: Assets/Samples/XR Interaction Toolkit/3.4.1/Starter Assets/DemoAssets/Prefabs/Interactables/Cylinder.prefab
  importAddress: Guid(2ed984a58a974166bf92c82a74380454) Importer(2089858483,b0f066a214c2f5e87bad3c948f4d605d)
Start importing Assets/Samples/XR Interaction Toolkit/3.4.1/Starter Assets/DemoAssets/Prefabs/Interactables/Cylinder.prefab using Guid(2ed984a58a974166bf92c82a74380454) Importer(2089858483,b0f066a214c2f5e87bad3c948f4d605d) (ScriptedImporter) -> (Import Result ID: 'd4e74095cbfe3bcf1ad18ba6f77b4782') in 0.0384865 seconds [static and dynamic dependencies]. Details - ImportResultOutputID=7315ebb595b55251296e6df0de679807 DependenciesID=b25fb8e16883a5733e6314cfdc143c7e StaticDependenciesID=4f685e9cd69b69adfccc7aa64f1ee7f0 
Number of updated asset objects reloaded before import = 0Number of asset objects unloaded after import = 25

========================================================================
Received Import Request.
  Time since last request: 0.000091 seconds.
  path: Assets/Samples/XR Interaction Toolkit/3.4.1/Starter Assets/Prefabs/Interactors/Right_NearFarInteractor.prefab
  importAddress: Guid(b200f6587d118224eba8467281481800) Importer(2089858483,b0f066a214c2f5e87bad3c948f4d605d)
Start importing Assets/Samples/XR Interaction Toolkit/3.4.1/Starter Assets/Prefabs/Interactors/Right_NearFarInteractor.prefab using Guid(b200f6587d118224eba8467281481800) Importer(2089858483,b0f066a214c2f5e87bad3c948f4d605d) (ScriptedImporter) -> (Import Result ID: 'ce8b9b149b5bd9d6fdf46ea667d76baf') in 0.104515 seconds [static and dynamic dependencies]. Details - ImportResultOutputID=556dc6fa79c8d0d4db64b633c4994801 DependenciesID=d23d042dc3abf09542697cf034729e4e StaticDependenciesID=20775cbb3af90dc986a5742f73c86662 
Number of updated asset objects reloaded before import = 0Number of asset objects unloaded after import = 46

========================================================================
Received Import Request.
  Time since last request: 0.000053 seconds.
  path: Assets/Samples/XR Interaction Toolkit/3.4.1/Starter Assets/DemoAssets/Prefabs/Interactables/Push Button.prefab
  importAddress: Guid(76f3439a0ae796e4b81bee3f91f888ee) Importer(2089858483,b0f066a214c2f5e87bad3c948f4d605d)
Start importing Assets/Samples/XR Interaction Toolkit/3.4.1/Starter Assets/DemoAssets/Prefabs/Interactables/Push Button.prefab using Guid(76f3439a0ae796e4b81bee3f91f888ee) Importer(2089858483,b0f066a214c2f5e87bad3c948f4d605d) (ScriptedImporter) -> (Import Result ID: '05691dcc6cbe33b0c2b35f06c91c82ac') in 0.0303509 seconds [static and dynamic dependencies]. Details - ImportResultOutputID=3f9074d241e2324427763597d434bfc4 DependenciesID=8bd2b69582433ba0de5976476ece7a7d StaticDependenciesID=baedb9ba2368c7bcae32ffa2f7da1097 
Number of updated asset objects reloaded before import = 0Number of asset objects unloaded after import = 32

========================================================================
Received Import Request.
  Time since last request: 0.000027 seconds.
  path: Assets/Samples/XR Interaction Toolkit/3.4.1/Starter Assets/DemoAssets/Prefabs/Interactables/Pot.prefab
  importAddress: Guid(d5615d616019430d9c2e8727e71c97fb) Importer(2089858483,b0f066a214c2f5e87bad3c948f4d605d)
Start importing Assets/Samples/XR Interaction Toolkit/3.4.1/Starter Assets/DemoAssets/Prefabs/Interactables/Pot.prefab using Guid(d5615d616019430d9c2e8727e71c97fb) Importer(2089858483,b0f066a214c2f5e87bad3c948f4d605d) (ScriptedImporter) -> (Import Result ID: '315ee3b3ee47c9c6aa46a14651b63d56') in 0.0371527 seconds [static and dynamic dependencies]. Details - ImportResultOutputID=4a84b304f6e06920380da991f1a2160f DependenciesID=27da747144076d48eb9d59af97033be2 StaticDependenciesID=5dc90d71d7f0760be3d71685053730ee 
Number of updated asset objects reloaded before import = 0Number of asset objects unloaded after import = 24

========================================================================
Received Import Request.
  Time since last request: 0.000033 seconds.
  path: Assets/Samples/XR Interaction Toolkit/3.4.1/Starter Assets/DemoAssets/Prefabs/UI/Icon Toggle.prefab
  importAddress: Guid(541ed11e270c6994ca5910042c7e04da) Importer(2089858483,b0f066a214c2f5e87bad3c948f4d605d)
Start importing Assets/Samples/XR Interaction Toolkit/3.4.1/Starter Assets/DemoAssets/Prefabs/UI/Icon Toggle.prefab using Guid(541ed11e270c6994ca5910042c7e04da) Importer(2089858483,b0f066a214c2f5e87bad3c948f4d605d) (ScriptedImporter) -> (Import Result ID: '5366a560eb71f689b7d8eed09b1a9c94') in 0.075574 seconds [static and dynamic dependencies]. Details - ImportResultOutputID=40fa1d10502491ce5c32f00a0505b0ce DependenciesID=c57ff45a6d0fdaafa5deeb36b6b54175 StaticDependenciesID=25893daf20246bcaa7a5fc600c5b9288 
Number of updated asset objects reloaded before import = 0Number of asset objects unloaded after import = 21

========================================================================
Received Import Request.
  Time since last request: 0.000042 seconds.
  path: Assets/VRTemplateAssets/Materials/Environment/wall2_Normal_OpenGL.png
  importAddress: Guid(b9adf7a4adc3785428265de3303e0505) Importer(2089858483,b0f066a214c2f5e87bad3c948f4d605d)
Start importing Assets/VRTemplateAssets/Materials/Environment/wall2_Normal_OpenGL.png using Guid(b9adf7a4adc3785428265de3303e0505) Importer(2089858483,b0f066a214c2f5e87bad3c948f4d605d) (ScriptedImporter) -> (Import Result ID: '78194cf4b7f13f0fc0487b510f257064') in 0.0299941 seconds [static and dynamic dependencies]. Details - ImportResultOutputID=1c261bcd429227f5e73604c2ccbb3fb2 DependenciesID=1645a7a6355e0a53daae5eab706fac81 StaticDependenciesID=16d8b55dd4c7173cb7285f9c18ac8f53 
Number of updated asset objects reloaded before import = 0Number of asset objects unloaded after import = 1

========================================================================
Received Import Request.
  Time since last request: 0.000028 seconds.
  path: Assets/Samples/XR Interaction Toolkit/3.4.1/Starter Assets/Presets/XRI Default Right Controller InputActionManager.preset
  importAddress: Guid(55f7614a1d331d14bb631965514937d8) Importer(2089858483,b0f066a214c2f5e87bad3c948f4d605d)
Start importing Assets/Samples/XR Interaction Toolkit/3.4.1/Starter Assets/Presets/XRI Default Right Controller InputActionManager.preset using Guid(55f7614a1d331d14bb631965514937d8) Importer(2089858483,b0f066a214c2f5e87bad3c948f4d605d) (ScriptedImporter) -> (Import Result ID: 'c74b29c1fe773f53438436c15ec6719d') in 0.0246652 seconds [static and dynamic dependencies]. Details - ImportResultOutputID=40f4f512dc50970111d80e3af331bac9 DependenciesID=9db369b83606334dd35f5353ea2da9cf StaticDependenciesID=d7791fe76b52589b2becc2b82c337bbf 
Number of updated asset objects reloaded before import = 0Number of asset objects unloaded after import = 8

========================================================================
Received Import Request.
  Time since last request: 0.000047 seconds.
  path: Assets/Samples/XR Interaction Toolkit/3.4.1/Starter Assets/Scripts/ToggleComponentZone.cs
  importAddress: Guid(5fe39fdeebcc91a45919bfcb77ef6eb4) Importer(2089858483,b0f066a214c2f5e87bad3c948f4d605d)
Start importing Assets/Samples/XR Interaction Toolkit/3.4.1/Starter Assets/Scripts/ToggleComponentZone.cs using Guid(5fe39fdeebcc91a45919bfcb77ef6eb4) Importer(2089858483,b0f066a214c2f5e87bad3c948f4d605d) (ScriptedImporter) -> (Import Result ID: '50c15a028989c35b99f78f39986e5848') in 0.0213932 seconds [static and dynamic dependencies]. Details - ImportResultOutputID=b17f87219300feaeecc539a1da3ad324 DependenciesID=45b4361c738a5af15019f0a1a5a65f7e StaticDependenciesID=809c713a28ce24a6c30e3067734181e8 
Number of updated asset objects reloaded before import = 0Number of asset objects unloaded after import = 0

========================================================================
Received Import Request.
  Time since last request: 0.000046 seconds.
  path: Assets/VRTemplateAssets/Materials/Environment/wall_Metallic.png
  importAddress: Guid(f0c44a6fb8432d840b04e763170b8d17) Importer(2089858483,b0f066a214c2f5e87bad3c948f4d605d)
Start importing Assets/VRTemplateAssets/Materials/Environment/wall_Metallic.png using Guid(f0c44a6fb8432d840b04e763170b8d17) Importer(2089858483,b0f066a214c2f5e87bad3c948f4d605d) (ScriptedImporter) -> (Import Result ID: '68c1aedf0540095e86cc8d1aa9a2cb5d') in 0.0308981 seconds [static and dynamic dependencies]. Details - ImportResultOutputID=55849ed35aa431346032cf75035c0854 DependenciesID=59b50d170dbc1f06184e7539d44df600 StaticDependenciesID=35767a9be92203b07efe373670f05c6d 
Number of updated asset objects reloaded before import = 0Number of asset objects unloaded after import = 1

========================================================================
Received Import Request.
  Time since last request: 0.000061 seconds.
  path: Assets/VRTemplateAssets/Prefabs/Controller/Left Controller.prefab
  importAddress: Guid(aa14702dd234c8d4fb9ac0df97715ef7) Importer(2089858483,b0f066a214c2f5e87bad3c948f4d605d)
Start importing Assets/VRTemplateAssets/Prefabs/Controller/Left Controller.prefab using Guid(aa14702dd234c8d4fb9ac0df97715ef7) Importer(2089858483,b0f066a214c2f5e87bad3c948f4d605d) (ScriptedImporter) -> (Import Result ID: 'a6d187166d7aea1b48662afbbca3b25a') in 0.0273788 seconds [static and dynamic dependencies]. Details - ImportResultOutputID=ba5695b7da6683c4dcf0fb69ad71a0ca DependenciesID=2d5b23b4ae3a21c6e452d91052de59c1 StaticDependenciesID=d31327b9ee21a6f337e6a464be2e913a 
Number of updated asset objects reloaded before import = 0Number of asset objects unloaded after import = 53

========================================================================
Received Import Request.
  Time since last request: 0.000054 seconds.
  path: Assets/Samples/XR Interaction Toolkit/3.4.1/Starter Assets/DemoAssets/Prefabs/Interactables/Torus-Cut.prefab
  importAddress: Guid(833cb867d186193418fc107735ae3139) Importer(2089858483,b0f066a214c2f5e87bad3c948f4d605d)
Start importing Assets/Samples/XR Interaction Toolkit/3.4.1/Starter Assets/DemoAssets/Prefabs/Interactables/Torus-Cut.prefab using Guid(833cb867d186193418fc107735ae3139) Importer(2089858483,b0f066a214c2f5e87bad3c948f4d605d) (ScriptedImporter) -> (Import Result ID: 'cc868b9aa60837053a28d0feb75d518c') in 0.0408849 seconds [static and dynamic dependencies]. Details - ImportResultOutputID=2c3f4c3f4bdfbecdd00cb99f59abb51b DependenciesID=f3e8c2a9977bcd28c8af0102b1446ae2 StaticDependenciesID=12ff021a88bf252cd704b99e306090eb 
Number of updated asset objects reloaded before import = 0Number of asset objects unloaded after import = 24

========================================================================
Received Import Request.
  Time since last request: 0.000051 seconds.
  path: Assets/VRTemplateAssets/Prefabs/UI/Spatial Panel Scroll.prefab
  importAddress: Guid(085ce58b196caa446a8545c9dd388793) Importer(2089858483,b0f066a214c2f5e87bad3c948f4d605d)
Start importing Assets/VRTemplateAssets/Prefabs/UI/Spatial Panel Scroll.prefab using Guid(085ce58b196caa446a8545c9dd388793) Importer(2089858483,b0f066a214c2f5e87bad3c948f4d605d) (ScriptedImporter) -> (Import Result ID: '574370c1c6ab7ee594d7adf24038db48') in 0.0503454 seconds [static and dynamic dependencies]. Details - ImportResultOutputID=1d227dbe5da0e0be89cc309b9afd1db9 DependenciesID=e18cfcb41304cba9fd52402ab5253612 StaticDependenciesID=e5d6b9db71d72786b712d09b65a54d60 
Number of updated asset objects reloaded before import = 0Number of asset objects unloaded after import = 97

========================================================================
Received Import Request.
  Time since last request: 0.000035 seconds.
  path: Assets/Samples/XR Interaction Toolkit/3.4.1/Hands Interaction Demo/Scripts/PokeGestureDetector.cs
  importAddress: Guid(dbac611a2982409ab5f5e604f53bcad0) Importer(2089858483,b0f066a214c2f5e87bad3c948f4d605d)
Start importing Assets/Samples/XR Interaction Toolkit/3.4.1/Hands Interaction Demo/Scripts/PokeGestureDetector.cs using Guid(dbac611a2982409ab5f5e604f53bcad0) Importer(2089858483,b0f066a214c2f5e87bad3c948f4d605d) (ScriptedImporter) -> (Import Result ID: '6fd2d9abbee504b2b1f1d73ee3bac906') in 0.0218014 seconds [static and dynamic dependencies]. Details - ImportResultOutputID=92609d7e033842e3be8ebb2569e296ea DependenciesID=5f8837b204c603e6a841d2a3f703d1c9 StaticDependenciesID=383668100e3b0cd5d2f08c7a317b42fd 
Number of updated asset objects reloaded before import = 0Number of asset objects unloaded after import = 0

========================================================================
Received Import Request.
  Time since last request: 0.000042 seconds.
  path: Assets/VRTemplateAssets/Materials/Controller/UniversalMaterialGrey.mat
  importAddress: Guid(a1c1d11b32e0a6e4084e16fea6027537) Importer(2089858483,b0f066a214c2f5e87bad3c948f4d605d)
Start importing Assets/VRTemplateAssets/Materials/Controller/UniversalMaterialGrey.mat using Guid(a1c1d11b32e0a6e4084e16fea6027537) Importer(2089858483,b0f066a214c2f5e87bad3c948f4d605d) (ScriptedImporter) -> (Import Result ID: 'b7df9bce5b4ad6e98e51a98b6c277694') in 0.0461829 seconds [static and dynamic dependencies]. Details - ImportResultOutputID=780a43dd8210ffb3a61bfed64b694684 DependenciesID=a97627bb4a667c41c2c5bdd46970d0b4 StaticDependenciesID=e4bf94024b1ba34aa1ee6cd75aa22727 
Number of updated asset objects reloaded before import = 0Number of asset objects unloaded after import = 2

========================================================================
Received Import Request.
  Time since last request: 0.000049 seconds.
  path: Assets/Samples/XR Interaction Toolkit/3.4.1/Hands Interaction Demo/Shaders/Unity_Hand_Noise.shadergraph
  importAddress: Guid(89a6790c28795dd4987bb267c3d05338) Importer(2089858483,b0f066a214c2f5e87bad3c948f4d605d)
Start importing Assets/Samples/XR Interaction Toolkit/3.4.1/Hands Interaction Demo/Shaders/Unity_Hand_Noise.shadergraph using Guid(89a6790c28795dd4987bb267c3d05338) Importer(2089858483,b0f066a214c2f5e87bad3c948f4d605d) (ScriptedImporter) -> (Import Result ID: '584ef8ea0b25aa408b45f1db5a5b937f') in 0.0408163 seconds [static and dynamic dependencies]. Details - ImportResultOutputID=54b3f7d99e3e7739d790ef36124b60d5 DependenciesID=2ea1320552cf0184da8db33274a768b0 StaticDependenciesID=47f8b177010bb7234b31f31e93a1ea97 
Number of updated asset objects reloaded before import = 0Number of asset objects unloaded after import = 9

========================================================================
Received Import Request.
  Time since last request: 0.000036 seconds.
  path: Assets/Samples/XR Interaction Toolkit/3.4.1/Starter Assets/DemoAssets/Prefabs/Interactables/Blaser.prefab
  importAddress: Guid(3549fdaf258e11846b85a316c16c699c) Importer(2089858483,b0f066a214c2f5e87bad3c948f4d605d)
Start importing Assets/Samples/XR Interaction Toolkit/3.4.1/Starter Assets/DemoAssets/Prefabs/Interactables/Blaser.prefab using Guid(3549fdaf258e11846b85a316c16c699c) Importer(2089858483,b0f066a214c2f5e87bad3c948f4d605d) (ScriptedImporter) -> (Import Result ID: 'c772e4e9e7fdd057d5d49219bf671584') in 0.0457447 seconds [static and dynamic dependencies]. Details - ImportResultOutputID=e4cebb77d87b14079bbabfe037d7de83 DependenciesID=d97416c92525b066f6e6007e97691357 StaticDependenciesID=1d1df3fb9b942330153051de13b07fba 
Number of updated asset objects reloaded before import = 0Number of asset objects unloaded after import = 31

========================================================================
Received Import Request.
  Time since last request: 0.000034 seconds.
  path: Assets/Samples/XR Interaction Toolkit/3.4.1/Starter Assets/Filters/AnyGazedAtTeleportAnchorFilter.asset
  importAddress: Guid(0f906c94e2aa0c3488832acc1db04295) Importer(2089858483,b0f066a214c2f5e87bad3c948f4d605d)
Start importing Assets/Samples/XR Interaction Toolkit/3.4.1/Starter Assets/Filters/AnyGazedAtTeleportAnchorFilter.asset using Guid(0f906c94e2aa0c3488832acc1db04295) Importer(2089858483,b0f066a214c2f5e87bad3c948f4d605d) (ScriptedImporter) -> (Import Result ID: '5bbeae86bbd1a376b2f2616f0f1a3f18') in 0.0241066 seconds [static and dynamic dependencies]. Details - ImportResultOutputID=8f848b4fc960e691d260dbdcb0f00579 DependenciesID=fa30f56fe3622997ef83d80987af5b5a StaticDependenciesID=299d6adafbb429ae16b6496cad88f540 
Number of updated asset objects reloaded before import = 0Number of asset objects unloaded after import = 1

========================================================================
Received Import Request.
  Time since last request: 0.000064 seconds.
  path: Assets/Samples/XR Interaction Toolkit/3.4.1/Starter Assets/Scripts/ClimbTeleportDestinationIndicator.cs
  importAddress: Guid(e766f86cb7d2461683eb37d8a971fb14) Importer(2089858483,b0f066a214c2f5e87bad3c948f4d605d)
Start importing Assets/Samples/XR Interaction Toolkit/3.4.1/Starter Assets/Scripts/ClimbTeleportDestinationIndicator.cs using Guid(e766f86cb7d2461683eb37d8a971fb14) Importer(2089858483,b0f066a214c2f5e87bad3c948f4d605d) (ScriptedImporter) -> (Import Result ID: '436e7121edb02bc86ac8e56a992c3792') in 0.0244918 seconds [static and dynamic dependencies]. Details - ImportResultOutputID=558830773716600d7737c4c3e82e255b DependenciesID=f412ba602c40f136201e7b4af07a77e2 StaticDependenciesID=a71a17c1c35a2dd13289fca56412ce0c 
Number of updated asset objects reloaded before import = 0Number of asset objects unloaded after import = 0

========================================================================
Received Import Request.
  Time since last request: 0.000029 seconds.
  path: Assets/Samples/XR Interaction Toolkit/3.4.1/Starter Assets/Prefabs/XR Origin (XR Rig).prefab
  importAddress: Guid(f6336ac4ac8b4d34bc5072418cdc62a0) Importer(2089858483,b0f066a214c2f5e87bad3c948f4d605d)
Start importing Assets/Samples/XR Interaction Toolkit/3.4.1/Starter Assets/Prefabs/XR Origin (XR Rig).prefab using Guid(f6336ac4ac8b4d34bc5072418cdc62a0) Importer(2089858483,b0f066a214c2f5e87bad3c948f4d605d) (ScriptedImporter) -> (Import Result ID: 'a29745ba1b0023464d77bbe7450371f8') in 0.0670407 seconds [static and dynamic dependencies]. Details - ImportResultOutputID=a1f09cc4744e3b06a53429aa38379e62 DependenciesID=cceea6f2c2122cbb2ea4693e6ccdfdc2 StaticDependenciesID=1b37ba1cc1f5d8c67907c18369aba762 
Number of updated asset objects reloaded before import = 0Number of asset objects unloaded after import = 357

========================================================================
Received Import Request.
  Time since last request: 0.000463 seconds.
  path: Assets/XR/UserSimulationSettings/SimulationEnvironmentAssetsManager.asset
  importAddress: Guid(345f63fd918d5c144be2594575d3edf3) Importer(2089858483,b0f066a214c2f5e87bad3c948f4d605d)
Start importing Assets/XR/UserSimulationSettings/SimulationEnvironmentAssetsManager.asset using Guid(345f63fd918d5c144be2594575d3edf3) Importer(2089858483,b0f066a214c2f5e87bad3c948f4d605d) (ScriptedImporter) -> (Import Result ID: '0b3a65457e00dcae581593efccafdba7') in 0.0278683 seconds [static and dynamic dependencies]. Details - ImportResultOutputID=010be486afb17bd712ab5cee82e0d256 DependenciesID=8eaadf16de75900e6e7601ab141f072a StaticDependenciesID=f41c7edd1bef58563c54f98dfcb8cb0b 
Number of updated asset objects reloaded before import = 0Number of asset objects unloaded after import = 1

========================================================================
Received Import Request.
  Time since last request: 0.000046 seconds.
  path: Assets/VRTemplateAssets/Themes/BlasterAudioAffordanceTheme.asset
  importAddress: Guid(3f422fdb893e1194db386762cdf93e28) Importer(2089858483,b0f066a214c2f5e87bad3c948f4d605d)
Start importing Assets/VRTemplateAssets/Themes/BlasterAudioAffordanceTheme.asset using Guid(3f422fdb893e1194db386762cdf93e28) Importer(2089858483,b0f066a214c2f5e87bad3c948f4d605d) (ScriptedImporter) -> (Import Result ID: '49497137d41afb402040905401e6bd7e') in 0.0273288 seconds [static and dynamic dependencies]. Details - ImportResultOutputID=baa6d3b09975688aef7eefc120c51a27 DependenciesID=497b5f19729321c82ef365de3462b7c1 StaticDependenciesID=0ce55f7b5102357b300de63caa499abe 
Number of updated asset objects reloaded before import = 0Number of asset objects unloaded after import = 3

========================================================================
Received Import Request.
  Time since last request: 0.000036 seconds.
  path: Assets/TextMesh Pro/Resources/TMP Settings.asset
  importAddress: Guid(3f5b5dff67a942289a9defa416b206f3) Importer(2089858483,b0f066a214c2f5e87bad3c948f4d605d)
Start importing Assets/TextMesh Pro/Resources/TMP Settings.asset using Guid(3f5b5dff67a942289a9defa416b206f3) Importer(2089858483,b0f066a214c2f5e87bad3c948f4d605d) (ScriptedImporter) -> (Import Result ID: '40e69412058c2fb80a740dd3c0e9b5fc') in 0.0705534 seconds [static and dynamic dependencies]. Details - ImportResultOutputID=ca40266c7ded38383b88d8b8e1184927 DependenciesID=446ee782972fa5a66e76831ee6523813 StaticDependenciesID=57f2bcb092d4644c8646b9f1c8d25cdb 
Number of updated asset objects reloaded before import = 0Number of asset objects unloaded after import = 12

========================================================================
Received Import Request.
  Time since last request: 0.000042 seconds.
  path: Assets/TextMesh Pro/Shaders/TMP_Bitmap.shader
  importAddress: Guid(128e987d567d4e2c824d754223b3f3b0) Importer(2089858483,b0f066a214c2f5e87bad3c948f4d605d)
Start importing Assets/TextMesh Pro/Shaders/TMP_Bitmap.shader using Guid(128e987d567d4e2c824d754223b3f3b0) Importer(2089858483,b0f066a214c2f5e87bad3c948f4d605d) (ScriptedImporter) -> (Import Result ID: '7e0e42773f149b2a231c0f19896f09ae') in 0.0244871 seconds [static and dynamic dependencies]. Details - ImportResultOutputID=143948c974aa133d895b80ab1c073454 DependenciesID=7d77b5e9fe754698ef1729636c2edc2b StaticDependenciesID=54796b178d1ac5560e8bbc383702abfe 
Number of updated asset objects reloaded before import = 0Number of asset objects unloaded after import = 1

========================================================================
Received Import Request.
  Time since last request: 0.000041 seconds.
  path: Assets/Samples/XR Interaction Toolkit/3.4.1/Hands Interaction Demo/DemoAssets/Prefabs/DiscController.prefab
  importAddress: Guid(6b7188f9e149bd64cb26cec516eb470c) Importer(2089858483,b0f066a214c2f5e87bad3c948f4d605d)
Start importing Assets/Samples/XR Interaction Toolkit/3.4.1/Hands Interaction Demo/DemoAssets/Prefabs/DiscController.prefab using Guid(6b7188f9e149bd64cb26cec516eb470c) Importer(2089858483,b0f066a214c2f5e87bad3c948f4d605d) (ScriptedImporter) -> (Import Result ID: '75dbf4e5a4b5cdd7017ebf29df6f14b8') in 0.0530595 seconds [static and dynamic dependencies]. Details - ImportResultOutputID=98decbd81d1e505ae3845cda6964140f DependenciesID=38916122f8b2bfe290d4ddfc721586fe StaticDependenciesID=15237783218744f82e0e88f22cb197e9 
Number of updated asset objects reloaded before import = 0Number of asset objects unloaded after import = 28

========================================================================
Received Import Request.
  Time since last request: 0.000061 seconds.
  path: Assets/Samples/XR Interaction Toolkit/3.4.1/Starter Assets/Materials/Flat Blue.mat
  importAddress: Guid(91ff3830fc4055a4fb0d0d2be32101a7) Importer(2089858483,b0f066a214c2f5e87bad3c948f4d605d)
Start importing Assets/Samples/XR Interaction Toolkit/3.4.1/Starter Assets/Materials/Flat Blue.mat using Guid(91ff3830fc4055a4fb0d0d2be32101a7) Importer(2089858483,b0f066a214c2f5e87bad3c948f4d605d) (ScriptedImporter) -> (Import Result ID: 'e8fb492667fe2e871768afb9f4e59c72') in 0.0322354 seconds [static and dynamic dependencies]. Details - ImportResultOutputID=bd209b82560a703201b0ee3fc4e87b53 DependenciesID=864e7334fa1a9f693a9208a613ea5270 StaticDependenciesID=6b9b533322e24ec47990c8692830074c 
Number of updated asset objects reloaded before import = 0Number of asset objects unloaded after import = 1

========================================================================
Received Import Request.
  Time since last request: 0.000033 seconds.
  path: Assets/Samples/XR Interaction Toolkit/3.4.1/Starter Assets/DemoAssets/Textures/Concrete_Normal.tif
  importAddress: Guid(cdebec39dbf81a14688e1de8d12897b4) Importer(2089858483,b0f066a214c2f5e87bad3c948f4d605d)
Start importing Assets/Samples/XR Interaction Toolkit/3.4.1/Starter Assets/DemoAssets/Textures/Concrete_Normal.tif using Guid(cdebec39dbf81a14688e1de8d12897b4) Importer(2089858483,b0f066a214c2f5e87bad3c948f4d605d) (ScriptedImporter) -> (Import Result ID: '3d184749143f06f3c873c390add8255b') in 0.0363608 seconds [static and dynamic dependencies]. Details - ImportResultOutputID=d16729ae62941a735140f5997e748865 DependenciesID=45e81c47b967da3f7fd8ff9c6e236914 StaticDependenciesID=65583f2345010b84daa3f1ed1f0d53b9 
Number of updated asset objects reloaded before import = 0Number of asset objects unloaded after import = 1

========================================================================
Received Import Request.
  Time since last request: 0.000091 seconds.
  path: Assets/Samples/XR Interaction Toolkit/3.4.1/Starter Assets/Shaders/Unlit_Fresnel.shadergraph
  importAddress: Guid(e19b5bb6cb8e91e43b1b5d81a069296f) Importer(2089858483,b0f066a214c2f5e87bad3c948f4d605d)
Start importing Assets/Samples/XR Interaction Toolkit/3.4.1/Starter Assets/Shaders/Unlit_Fresnel.shadergraph using Guid(e19b5bb6cb8e91e43b1b5d81a069296f) Importer(2089858483,b0f066a214c2f5e87bad3c948f4d605d) (ScriptedImporter) -> (Import Result ID: 'a18c6a839912c6c50753122bc987b245') in 0.0540883 seconds [static and dynamic dependencies]. Details - ImportResultOutputID=232d7d8bee2bc8e105b2e58919506fa1 DependenciesID=da7556e93a20450805f17722195ac7a7 StaticDependenciesID=1ed182ac9fa4f932a86a429b69952932 
Number of updated asset objects reloaded before import = 0Number of asset objects unloaded after import = 5

Editor requested this worker to shutdown with reason: Scaling down because of idle timeout
AssetImportWorkerClient::OnTransportError - code=2 error=End of file
AssetImportWorker is now disconnected from the server
Process exiting
Exiting without the bug reporter. Application will terminate with return code 0